"","clv_all$membership","player"
"1",1,"¨¢lex Abrines"
"2",1,"Quincy Acy"
"3",1,"Jaylen Adams"
"4",1,"Steven Adams"
"5",1,"Bam Adebayo"
"6",1,"Deng Adel"
"7",1,"LaMarcus Aldridge"
"8",1,"Rawle Alkins"
"9",1,"Grayson Allen"
"10",1,"Jarrett Allen"
"11",1,"Kadeem Allen"
"12",1,"Al-Farouq Aminu"
"13",1,"Justin Anderson"
"14",1,"Kyle Anderson"
"15",1,"Ryan Anderson"
"16",1,"Giannis Antetokounmpo"
"17",1,"Carmelo Anthony"
"18",1,"OG Anunoby"
"19",1,"Ryan Arcidiacono"
"20",1,"Trevor Ariza"
"21",1,"D.J. Augustin"
"22",1,"Deandre Ayton"
"23",1,"Dwayne Bacon"
"24",1,"Marvin Bagley"
"25",1,"Ron Baker"
"26",1,"Wade Baldwin"
"27",1,"Lonzo Ball"
"28",1,"Mohamed Bamba"
"29",1,"J.J. Barea"
"30",1,"Harrison Barnes"
"31",1,"Will Barton"
"32",1,"Keita Bates-Diop"
"33",1,"Nicolas Batum"
"34",1,"Jerryd Bayless"
"35",1,"Aron Baynes"
"36",1,"Kent Bazemore"
"37",1,"Bradley Beal"
"38",1,"Malik Beasley"
"39",1,"Michael Beasley"
"40",1,"Marco Belinelli"
"41",1,"Jordan Bell"
"42",1,"DeAndre' Bembry"
"43",1,"Dragan Bender"
"44",1,"Dairis Bert?ns"
"45",1,"D?vis Bert?ns"
"46",1,"Patrick Beverley"
"47",1,"Khem Birch"
"48",1,"Bismack Biyombo"
"49",1,"Nemanja Bjelica"
"50",1,"Antonio Blakeney"
"51",1,"Eric Bledsoe"
"52",1,"Jaron Blossomgame"
"53",1,"Bogdan Bogdanovi?"
"54",1,"Bojan Bogdanovi?"
"55",1,"Andrew Bogut"
"56",1,"Jonah Bolden"
"57",1,"Isaac Bonga"
"58",1,"Devin Booker"
"59",1,"Chris Boucher"
"60",1,"Avery Bradley"
"61",1,"Corey Brewer"
"62",1,"Mikal Bridges"
"63",1,"Miles Bridges"
"64",1,"Isaiah Briscoe"
"65",1,"Ryan Broekhoff"
"66",1,"Malcolm Brogdon"
"67",1,"Dillon Brooks"
"68",1,"MarShon Brooks"
"69",1,"Bruce Brown"
"70",1,"Jaylen Brown"
"71",1,"Lorenzo Brown"
"72",1,"Sterling Brown"
"73",1,"Troy Brown"
"74",1,"Jalen Brunson"
"75",1,"Thomas Bryant"
"76",1,"Reggie Bullock"
"77",1,"Trey Burke"
"78",1,"Alec Burks"
"79",1,"Deonte Burton"
"80",1,"Jimmy Butler"
"81",1,"Bruno Caboclo"
"82",1,"Jos¨¦ Calder¨®n"
"83",1,"Kentavious Caldwell-Pope"
"84",1,"Isaiah Canaan"
"85",1,"Clint Capela"
"86",1,"DeMarre Carroll"
"87",1,"Jevon Carter"
"88",1,"Vince Carter"
"89",1,"Wendell Carter"
"90",1,"Michael Carter-Williams"
"91",1,"Alex Caruso"
"92",1,"Omri Casspi"
"93",1,"Willie Cauley-Stein"
"94",1,"Tyler Cavanaugh"
"95",1,"Tyson Chandler"
"96",1,"Wilson Chandler"
"97",1,"Marquese Chriss"
"98",1,"Gary Clark"
"99",1,"Ian Clark"
"100",1,"Jordan Clarkson"
"101",1,"John Collins"
"102",1,"Zach Collins"
"103",1,"Darren Collison"
"104",1,"Mike Conley"
"105",1,"Pat Connaughton"
"106",1,"Quinn Cook"
"107",1,"DeMarcus Cousins"
"108",1,"Robert Covington"
"109",1,"Allen Crabbe"
"110",1,"Torrey Craig"
"111",1,"Jamal Crawford"
"112",1,"Jae Crowder"
"113",1,"Dante Cunningham"
"114",1,"Seth Curry"
"115",1,"Stephen Curry"
"116",1,"Troy Daniels"
"117",1,"Anthony Davis"
"118",1,"Ed Davis"
"119",1,"Dewayne Dedmon"
"120",1,"Sam Dekker"
"121",1,"Matthew Dellavedova"
"122",1,"Luol Deng"
"123",1,"DeMar DeRozan"
"124",1,"Marcus Derrickson"
"125",1,"Cheick Diallo"
"126",1,"Hamidou Diallo"
"127",1,"Gorgui Dieng"
"128",1,"Spencer Dinwiddie"
"129",1,"Donte DiVincenzo"
"130",1,"Luka Don?i?"
"131",1,"Tyler Dorsey"
"132",1,"Damyean Dotson"
"133",1,"Goran Dragi?"
"134",1,"Andre Drummond"
"135",1,"Jared Dudley"
"136",1,"Kris Dunn"
"137",1,"Kevin Durant"
"138",1,"Henry Ellenson"
"139",1,"Wayne Ellington"
"140",1,"Joel Embiid"
"141",1,"James Ennis"
"142",1,"Drew Eubanks"
"143",1,"Jacob Evans"
"144",1,"Tyreke Evans"
"145",1,"Dante Exum"
"146",1,"Kenneth Faried"
"147",1,"Derrick Favors"
"148",1,"Cristiano Fel¨ªcio"
"149",1,"Raymond Felton"
"150",1,"Terrance Ferguson"
"151",1,"Yogi Ferrell"
"152",1,"Dorian Finney-Smith"
"153",1,"Bryn Forbes"
"154",1,"Evan Fournier"
"155",1,"De'Aaron Fox"
"156",1,"Melvin Frazier"
"157",1,"Tim Frazier"
"158",1,"Channing Frye"
"159",1,"Markelle Fultz"
"160",1,"Danilo Gallinari"
"161",1,"Langston Galloway"
"162",1,"Marc Gasol"
"163",1,"Pau Gasol"
"164",1,"Rudy Gay"
"165",1,"Paul George"
"166",1,"Taj Gibson"
"167",1,"Harry Giles"
"168",1,"Shai Gilgeous-Alexander"
"169",1,"Rudy Gobert"
"170",1,"Brandon Goodwin"
"171",1,"Aaron Gordon"
"172",1,"Eric Gordon"
"173",1,"Marcin Gortat"
"174",1,"Devonte' Graham"
"175",1,"Treveon Graham"
"176",1,"Jerami Grant"
"177",1,"Jerian Grant"
"178",1,"Danny Green"
"179",1,"Draymond Green"
"180",1,"Gerald Green"
"181",1,"JaMychal Green"
"182",1,"Jeff Green"
"183",1,"Blake Griffin"
"184",1,"Daniel Hamilton"
"185",3,"Tim Hardaway"
"186",1,"James Harden"
"187",1,"Maurice Harkless"
"188",1,"Montrezl Harrell"
"189",1,"Devin Harris"
"190",1,"Gary Harris"
"191",1,"Joe Harris"
"192",1,"Tobias Harris"
"193",1,"Andrew Harrison"
"194",1,"Shaquille Harrison"
"195",1,"Josh Hart"
"196",1,"Isaiah Hartenstein"
"197",1,"Udonis Haslem"
"198",1,"Gordon Hayward"
"199",1,"John Henson"
"200",1,"Juan Hernang¨®mez"
"201",1,"Willy Hernang¨®mez"
"202",1,"Mario Hezonja"
"203",1,"Buddy Hield"
"204",1,"Nen¨º Hil¨¢rio"
"205",1,"George Hill"
"206",1,"Solomon Hill"
"207",1,"Aaron Holiday"
"208",1,"Jrue Holiday"
"209",1,"Justin Holiday"
"210",1,"Rondae Hollis-Jefferson"
"211",1,"Richaun Holmes"
"212",1,"Rodney Hood"
"213",1,"Al Horford"
"214",1,"Danuel House"
"215",1,"Kevin Huerter"
"216",1,"Chandler Hutchison"
"217",1,"Serge Ibaka"
"218",1,"Andre Iguodala"
"219",1,"Ersan ?lyasova"
"220",1,"Joe Ingles"
"221",1,"Brandon Ingram"
"222",1,"Kyrie Irving"
"223",1,"Jonathan Isaac"
"224",1,"Wesley Iwundu"
"225",1,"Frank Jackson"
"226",3,"Jaren Jackson"
"227",1,"Josh Jackson"
"228",1,"Justin Jackson"
"229",1,"Reggie Jackson"
"230",1,"LeBron James"
"231",1,"Amile Jefferson"
"232",1,"John Jenkins"
"233",1,"Jonas Jerebko"
"234",1,"Alize Johnson"
"235",1,"Amir Johnson"
"236",1,"James Johnson"
"237",1,"Stanley Johnson"
"238",1,"Tyler Johnson"
"239",1,"Wesley Johnson"
"240",1,"Nikola Joki?"
"241",1,"Damian Jones"
"242",1,"Derrick Jones"
"243",1,"Jalen Jones"
"244",1,"Tyus Jones"
"245",1,"DeAndre Jordan"
"246",1,"Cory Joseph"
"247",1,"Frank Kaminsky"
"248",1,"Enes Kanter"
"249",1,"Luke Kennard"
"250",1,"Michael Kidd-Gilchrist"
"251",1,"Maxi Kleber"
"252",1,"Brandon Knight"
"253",1,"Kevin Knox"
"254",1,"Furkan Korkmaz"
"255",1,"Luke Kornet"
"256",1,"Kyle Korver"
"257",1,"Kosta Koufos"
"258",1,"Rodions Kurucs"
"259",1,"Kyle Kuzma"
"260",1,"Skal Labissi¨¨re"
"261",1,"Jeremy Lamb"
"262",1,"Zach LaVine"
"263",1,"Jake Layman"
"264",1,"T.J. Leaf"
"265",1,"Courtney Lee"
"266",1,"Damion Lee"
"267",1,"Alex Len"
"268",1,"Kawhi Leonard"
"269",1,"Meyers Leonard"
"270",1,"Jon Leuer"
"271",1,"Caris LeVert"
"272",1,"Damian Lillard"
"273",1,"Jeremy Lin"
"274",1,"Shaun Livingston"
"275",1,"Kevon Looney"
"276",1,"Brook Lopez"
"277",1,"Robin Lopez"
"278",1,"Kevin Love"
"279",1,"Kyle Lowry"
"280",1,"Jordan Loyd"
"281",1,"Timoth¨¦ Luwawu-Cabarrot"
"282",1,"Tyler Lydon"
"283",1,"Trey Lyles"
"284",1,"Shelvin Mack"
"285",1,"Ian Mahinmi"
"286",1,"Thon Maker"
"287",1,"Boban Marjanovi?"
"288",1,"Lauri Markkanen"
"289",1,"Jarell Martin"
"290",1,"Frank Mason"
"291",1,"Wesley Matthews"
"292",1,"Patrick McCaw"
"293",1,"CJ McCollum"
"294",1,"T.J. McConnell"
"295",1,"Doug McDermott"
"296",1,"JaVale McGee"
"297",1,"Rodney McGruder"
"298",1,"Alfonzo McKinnie"
"299",1,"Ben McLemore"
"300",1,"Jordan McRae"
"301",1,"Salah Mejri"
"302",1,"De'Anthony Melton"
"303",1,"Chimezie Metu"
"304",1,"Khris Middleton"
"305",1,"C.J. Miles"
"306",1,"Darius Miller"
"307",1,"Malcolm Miller"
"308",1,"Patty Mills"
"309",1,"Paul Millsap"
"310",1,"Shake Milton"
"311",1,"Nikola Miroti?"
"312",1,"Donovan Mitchell"
"313",1,"Naz Mitrou-Long"
"314",1,"Malik Monk"
"315",1,"Greg Monroe"
"316",1,"E'Twaun Moore"
"317",1,"Marcus Morris"
"318",1,"Markieff Morris"
"319",1,"Monte Morris"
"320",1,"Johnathan Motley"
"321",1,"Emmanuel Mudiay"
"322",1,"Jamal Murray"
"323",1,"Mike Muscala"
"324",1,"Sviatoslav Mykhailiuk"
"325",1,"Abdel Nader"
"326",3,"Larry Nance"
"327",1,"Shabazz Napier"
"328",1,"Raul Neto"
"329",1,"Georges Niang"
"330",1,"Joakim Noah"
"331",1,"Nerlens Noel"
"332",1,"Dirk Nowitzki"
"333",1,"Frank Ntilikina"
"334",1,"James Nunnally"
"335",1,"Jusuf Nurki?"
"336",1,"David Nwaba"
"337",1,"Royce O'Neale"
"338",1,"Kyle O'Quinn"
"339",1,"Semi Ojeleye"
"340",1,"Jahlil Okafor"
"341",1,"¨¦lie Okobo"
"342",1,"Josh Okogie"
"343",1,"Victor Oladipo"
"344",1,"Kelly Olynyk"
"345",1,"Cedi Osman"
"346",1,"Kelly Oubre"
"347",1,"Zaza Pachulia"
"348",1,"Jabari Parker"
"349",1,"Tony Parker"
"350",1,"Chandler Parsons"
"351",1,"Patrick Patterson"
"352",1,"Chris Paul"
"353",1,"Cameron Payne"
"354",1,"Elfrid Payton"
"355",1,"Theo Pinson"
"356",1,"Mason Plumlee"
"357",1,"Miles Plumlee"
"358",1,"Jakob P?ltl"
"359",1,"Quincy Pondexter"
"360",1,"Otto Porter"
"361",1,"Bobby Portis"
"362",1,"Dwight Powell"
"363",1,"Norman Powell"
"364",1,"Alex Poythress"
"365",1,"Ivan Rabb"
"366",1,"Chasson Randle"
"367",1,"Julius Randle"
"368",1,"J.J. Redick"
"369",1,"Davon Reed"
"370",1,"Cameron Reynolds"
"371",1,"Josh Richardson"
"372",1,"Malachi Richardson"
"373",1,"Austin Rivers"
"374",1,"Duncan Robinson"
"375",3,"Glenn Robinson"
"376",1,"Jerome Robinson"
"377",1,"Mitchell Robinson"
"378",1,"Rajon Rondo"
"379",1,"Derrick Rose"
"380",1,"Terrence Ross"
"381",1,"Terry Rozier"
"382",1,"Ricky Rubio"
"383",1,"D'Angelo Russell"
"384",1,"Domantas Sabonis"
"385",1,"Brandon Sampson"
"386",1,"Dario ?ari?"
"387",1,"Tom¨¢? Satoransk?"
"388",1,"Dennis Schr?der"
"389",1,"Mike Scott"
"390",1,"Thabo Sefolosha"
"391",1,"Wayne Selden"
"392",1,"Collin Sexton"
"393",1,"Landry Shamet"
"394",1,"Iman Shumpert"
"395",1,"Pascal Siakam"
"396",1,"Ben Simmons"
"397",1,"Jonathon Simmons"
"398",1,"Anfernee Simons"
"399",1,"Marcus Smart"
"400",1,"Dennis Smith"
"401",1,"Ish Smith"
"402",1,"J.R. Smith"
"403",1,"Jason Smith"
"404",1,"Tony Snell"
"405",1,"Ray Spalding"
"406",1,"Omari Spellman"
"407",1,"Nik Stauskas"
"408",1,"Lance Stephenson"
"409",1,"Edmond Sumner"
"410",1,"Caleb Swanigan"
"411",1,"Jayson Tatum"
"412",1,"Jeff Teague"
"413",1,"Garrett Temple"
"414",1,"Milo? Teodosi?"
"415",1,"Jared Terrell"
"416",1,"Daniel Theis"
"417",1,"Isaiah Thomas"
"418",1,"Khyri Thomas"
"419",1,"Lance Thomas"
"420",1,"Klay Thompson"
"421",1,"Tristan Thompson"
"422",1,"Sindarius Thornwell"
"423",1,"Anthony Tolliver"
"424",1,"Karl-Anthony Towns"
"425",3,"Gary Trent"
"426",1,"Allonzo Trier"
"427",1,"P.J. Tucker"
"428",1,"Evan Turner"
"429",1,"Myles Turner"
"430",1,"Ekpe Udoh"
"431",1,"Jonas Valan?i?nas"
"432",1,"Jarred Vanderbilt"
"433",1,"Fred VanVleet"
"434",1,"Noah Vonleh"
"435",1,"Nikola Vu?evi?"
"436",1,"Dwyane Wade"
"437",1,"Moritz Wagner"
"438",1,"Dion Waiters"
"439",1,"Kemba Walker"
"440",1,"Lonnie Walker"
"441",1,"John Wall"
"442",1,"Tyrone Wallace"
"443",1,"Taurean Waller-Prince"
"444",1,"Brad Wanamaker"
"445",1,"T.J. Warren"
"446",1,"Julian Washburn"
"447",1,"Yuta Watanabe"
"448",1,"Thomas Welsh"
"449",1,"Russell Westbrook"
"450",1,"Derrick White"
"451",1,"Hassan Whiteside"
"452",1,"Andrew Wiggins"
"453",1,"C.J. Williams"
"454",1,"Johnathan Williams"
"455",1,"Kenrich Williams"
"456",1,"Lou Williams"
"457",1,"Marvin Williams"
"458",1,"Robert Williams"
"459",1,"Troy Williams"
"460",1,"D.J. Wilson"
"461",1,"Justise Winslow"
"462",1,"Christian Wood"
"463",1,"Delon Wright"
"464",1,"Guerschon Yabusele"
"465",1,"Thaddeus Young"
"466",1,"Trae Young"
"467",1,"Cody Zeller"
"468",1,"Ante ?i?i?"
"469",1,"Ivica Zubac"
"470",1,"Mario Chalmers"
"471",1,"Tyler Ennis"
"472",1,"Dwight Howard"
"473",1,"Josh Huestis"
"474",1,"Jarrett Jack"
"475",3,"Mike James"
"476",1,"Luc Mbah a Moute"
"477",1,"Timofey Mozgov"
"478",1,"Dejounte Murray"
"479",1,"Emeka Okafor"
"480",1,"Kristaps Porzi??is"
"481",1,"Zach Randolph"
"482",1,"Andre Roberson"
"483",1,"Kobi Simmons"
"484",1,"Tyler Ulis"
"485",1,"Denzel Valentine"
"486",1,"Jamil Wilson"
"487",1,"Tyler Zeller"
"488",1,"Paul Zipser"
"489",1,"Alex Abrines"
"490",1,"Arron Afflalo"
"491",1,"Alexis Ajinca"
"492",1,"Cole Aldrich"
"493",1,"Lavoy Allen"
"494",1,"Tony Allen"
"495",1,"Chris Andersen"
"496",1,"Alan Anderson"
"497",1,"Joel Anthony"
"498",1,"Darrell Arthur"
"499",1,"Omer Asik"
"500",1,"Luke Babbitt"
"501",1,"Leandro Barbosa"
"502",1,"Matt Barnes"
"503",1,"Brandon Bass"
"504",1,"Anthony Bennett"
"505",1,"Davis Bertans"
"506",1,"Tarik Black"
"507",1,"Bojan Bogdanovic"
"508",1,"Joel Bolomboy"
"509",1,"Trevor Booker"
"510",1,"Aaron Brooks"
"511",1,"Bobby Brown"
"512",1,"Nicolas Brussino"
"513",1,"Jose Calderon"
"514",1,"Rakeem Christmas"
"515",1,"Semaj Christon"
"516",1,"Norris Cole"
"517",1,"Nick Collison"
"518",1,"Jordan Crawford"
"519",1,"Deyonta Davis"
"520",1,"Malcolm Delaney"
"521",1,"Boris Diaw"
"522",1,"Toney Douglas"
"523",1,"Goran Dragic"
"524",1,"Mike Dunleavy"
"525",1,"Monta Ellis"
"526",1,"Kay Felder"
"527",1,"Cristiano Felicio"
"528",1,"Randy Foye"
"529",1,"Alonzo Gee"
"530",1,"Jonathan Gibson"
"531",1,"Manu Ginobili"
"532",1,"Archie Goodwin"
"533",1,"Justin Hamilton"
"534",1,"A.J. Hammons"
"535",1,"Spencer Hawes"
"536",2,"Gerald Henderson"
"537",1,"Juan Hernangomez"
"538",1,"Willy Hernangomez"
"539",1,"Roy Hibbert"
"540",1,"Nene Hilario"
"541",1,"Darrun Hilliard"
"542",1,"Marcelo Huertas"
"543",1,"Kris Humphries"
"544",1,"Ersan Ilyasova"
"545",1,"Al Jefferson"
"546",1,"Richard Jefferson"
"547",1,"Brandon Jennings"
"548",1,"Joe Johnson"
"549",1,"Nikola Jokic"
"550",1,"James Jones"
"551",1,"Terrence Jones"
"552",1,"Ryan Kelly"
"553",1,"Sean Kilpatrick"
"554",1,"Mindaugas Kuzminskas"
"555",1,"Skal Labissiere"
"556",1,"Nicolas Laprovittola"
"557",1,"Joffrey Lauvergne"
"558",1,"Ty Lawson"
"559",1,"David Lee"
"560",1,"DeAndre Liggins"
"561",1,"Shawn Long"
"562",1,"Timothe Luwawu-Cabarrot"
"563",1,"Sheldon Mac"
"564",1,"Boban Marjanovic"
"565",1,"James Michael McAdoo"
"566",1,"Chris McCullough"
"567",1,"K.J. McDaniels"
"568",1,"Josh McRoberts"
"569",1,"Jodie Meeks"
"570",1,"Jordan Mickey"
"571",1,"Mike Miller"
"572",1,"Nikola Mirotic"
"573",1,"Anthony Morrow"
"574",1,"Donatas Motiejunas"
"575",1,"Shabazz Muhammad"
"576",1,"Maurice Ndour"
"577",1,"Jameer Nelson"
"578",1,"Andrew Nicholson"
"579",1,"Lucas Nogueira"
"580",1,"Jusuf Nurkic"
"581",1,"Daniel Ochefu"
"582",1,"Georgios Papagiannis"
"583",1,"Adreian Payne"
"584",1,"Paul Pierce"
"585",1,"Marshall Plumlee"
"586",1,"Jakob Poeltl"
"587",1,"Kristaps Porzingis"
"588",1,"Ronnie Price"
"589",1,"Tim Quarterman"
"590",1,"Willie Reed"
"591",1,"Brian Roberts"
"592",1,"Thomas Robinson"
"593",1,"Sergio Rodriguez"
"594",1,"Damjan Rudez"
"595",1,"Brandon Rush"
"596",1,"Dario Saric"
"597",1,"Tomas Satoransky"
"598",1,"Dennis Schroder"
"599",1,"Luis Scola"
"600",1,"Kevin Seraphin"
"601",1,"Ramon Sessions"
"602",1,"Kyle Singler"
"603",1,"Marreese Speights"
"604",1,"Rodney Stuckey"
"605",1,"Jared Sullinger"
"606",1,"Mirza Teletovic"
"607",1,"Jason Terry"
"608",1,"Hollis Thompson"
"609",1,"Marcus Thornton"
"610",1,"Beno Udrih"
"611",1,"Jonas Valanciunas"
"612",1,"Anderson Varejao"
"613",1,"Rashad Vaughn"
"614",1,"Nikola Vucevic"
"615",1,"Sasha Vujacic"
"616",1,"C.J. Watson"
"617",1,"Briante Weber"
"618",1,"David West"
"619",1,"Okaro White"
"620",1,"Isaiah Whitehead"
"621",1,"C.J. Wilcox"
"622",1,"Alan Williams"
"623",1,"Deron Williams"
"624",1,"Derrick Williams"
"625",1,"Kyle Wiltjer"
"626",1,"Jeff Withey"
"627",1,"Metta World Peace"
"628",1,"Brandan Wright"
"629",1,"James Young"
"630",1,"Joe Young"
"631",1,"Nick Young"
"632",1,"Stephen Zimmerman"
"633",1,"Alexis Ajin?a"
"634",1,"Lou Amundson"
"635",1,"James Anderson"
"636",1,"?mer A??k"
"637",1,"Jeff Ayres"
"638",1,"Cameron Bairstow"
"639",1,"Andrea Bargnani"
"640",1,"DeJuan Blair"
"641",1,"Steve Blake"
"642",1,"Matt Bonner"
"643",1,"Chris Bosh"
"644",1,"Elton Brand"
"645",1,"Anthony Brown"
"646",1,"Markel Brown"
"647",1,"Kobe Bryant"
"648",1,"Chase Budinger"
"649",1,"Caron Butler"
"650",1,"Rasual Butler"
"651",1,"Chris Copeland"
"652",1,"Jared Cunningham"
"653",1,"Bryce Dejean-Jones"
"654",1,"Tim Duncan"
"655",1,"Cleanthony Early"
"656",1,"Jarell Eddie"
"657",1,"Jeremy Evans"
"658",1,"Festus Ezeli"
"659",1,"Jordan Farmar"
"660",3,"Kevin Garnett"
"661",1,"Manu Gin¨®bili"
"662",1,"Drew Gooden"
"663",1,"Jorge Guti¨¦rrez"
"664",1,"P.J. Hairston"
"665",1,"Jordan Hamilton"
"666",1,"Tyler Hansbrough"
"667",1,"Aaron Harrison"
"668",1,"J.J. Hickson"
"669",1,"Jordan Hill"
"670",1,"Kirk Hinrich"
"671",1,"Ryan Hollins"
"672",1,"R.J. Hunter"
"673",1,"Damien Inglis"
"674",1,"Chris Johnson"
"675",1,"Chris Kaman"
"676",1,"Sergey Karasev"
"677",1,"Sasha Kaun"
"678",1,"Carl Landry"
"679",1,"Shane Larkin"
"680",1,"Devyn Marble"
"681",1,"Kendall Marshall"
"682",1,"Kevin Martin"
"683",1,"O.J. Mayo"
"684",1,"Ray McCallum"
"685",1,"Mitch McGary"
"686",1,"Andre Miller"
"687",1,"Elijah Millsap"
"688",1,"Luis Montero"
"689",1,"Donatas Motiej?nas"
"690",1,"Xavier Munford"
"691",1,"Gary Neal"
"692",1,"Johnny O'Bryant"
"693",1,"Kostas Papanikolaou"
"694",1,"Lamar Patterson"
"695",1,"Nikola Pekovi?"
"696",1,"Kendrick Perkins"
"697",1,"Tibor Plei?"
"698",1,"Phil Pressey"
"699",1,"Pablo Prigioni"
"700",1,"Tayshaun Prince"
"701",1,"Damjan Rude?"
"702",1,"Robert Sacre"
"703",1,"JaKarr Sampson"
"704",1,"Kevin S¨¦raphin"
"705",1,"Henry Sims"
"706",1,"Donald Sloan"
"707",1,"Greg Smith"
"708",1,"Josh Smith"
"709",1,"Russ Smith"
"710",1,"Tiago Splitter"
"711",1,"Amar'e Stoudemire"
"712",1,"Edy Tavares"
"713",1,"Mirza Teletovi?"
"714",1,"Jason Thompson"
"715",1,"Axel Toupane"
"716",1,"Anderson Varej?o"
"717",1,"Greivis V¨¢squez"
"718",1,"Charlie Villanueva"
"719",1,"Sasha Vuja?i?"
"720",1,"Sonny Weems"
"721",1,"Mo Williams"
"722",1,"Jordan Adams"
"723",1,"Jeff Adrien"
"724",1,"Furkan Aldemir"
"725",1,"Pero Anti?"
"726",1,"Earl Barron"
"727",1,"Carlos Boozer"
"728",1,"Jabari Brown"
"729",1,"Nick Calathes"
"730",1,"Earl Clark"
"731",1,"Victor Claver"
"732",1,"Jack Cooley"
"733",1,"Bryce Cotton"
"734",1,"Samuel Dalembert"
"735",1,"Luigi Datome"
"736",1,"Brandon Davies"
"737",1,"Glen Davis"
"738",1,"Austin Daye"
"739",1,"Joey Dorsey"
"740",1,"Chris Douglas-Roberts"
"741",1,"Zoran Dragi?"
"742",2,"Larry Drew"
"743",1,"Reggie Evans"
"744",1,"Landry Fields"
"745",1,"Jimmer Fredette"
"746",1,"Joel Freeland"
"747",1,"Francisco Garc¨ªa"
"748",1,"Ben Gordon"
"749",1,"Danny Granger"
"750",1,"Erick Green"
"751",1,"Willie Green"
"752",1,"Chuck Hayes"
"753",1,"Brendan Haywood"
"754",1,"Robbie Hummel"
"755",1,"Bernard James"
"756",1,"Cory Jefferson"
"757",1,"Nick Johnson"
"758",1,"Dahntay Jones"
"759",1,"Perry Jones"
"760",1,"Jerome Jordan"
"761",1,"Ognjen Kuzmi?"
"762",1,"Ricky Ledo"
"763",1,"John Lucas III"
"764",1,"Shawn Marion"
"765",1,"Cartier Martin"
"766",1,"Kenyon Martin"
"767",1,"Jason Maxiell"
"768",3,"Nazr Mohammed"
"769",1,"Darius Morris"
"770",1,"Steve Novak"
"771",1,"A.J. Price"
"772",1,"Shavlik Randolph"
"773",1,"Jason Richardson"
"774",1,"Luke Ridnour"
"775",1,"Nate Robinson"
"776",1,"John Salmons"
"777",1,"Larry Sanders"
"778",1,"Alexey Shved"
"779",1,"Greg Stiemsma"
"780",1,"Jarnell Stokes"
"781",1,"Jeffery Taylor"
"782",1,"Sebastian Telfair"
"783",1,"Malcolm Thomas"
"784",1,"Hedo T¨¹rko?lu"
"785",1,"Henry Walker"
"786",1,"Gerald Wallace"
"787",1,"Travis Wear"
"788",1,"Martell Webster"
"789",1,"Shayne Whittington"
"790",3,"Reggie Williams"
"791",1,"Shawne Williams"
"792",1,"Nate Wolters"
"793",1,"Dorell Wright"
"794",1,"Tony Wroten"
"795",1,"Ray Allen*"
"796",1,"Hilton Armstrong"
"797",1,"Gustavo Ay¨®n"
"798",1,"Chris Babb"
"799",1,"Shane Battier"
"800",3,"Chauncey Billups"
"801",1,"Andray Blatche"
"802",1,"Ronnie Brewer"
"803",1,"Shannon Brown"
"804",1,"Dwight Buycks"
"805",1,"Andrew Bynum"
"806",1,"Will Bynum"
"807",1,"Dionte Christmas"
"808",1,"Jason Collins"
"809",1,"Nando De Colo"
"810",1,"V¨ªtor Faverani"
"811",1,"Derek Fisher"
"812",1,"Jamaal Franklin"
"813",1,"Diante Garrett"
"814",1,"Aaron Gray"
"815",1,"Josh Harrellson"
"816",1,"Al Harrington"
"817",1,"Mike Harris"
"818",1,"Xavier Henry"
"819",1,"Antawn Jamison"
"820",1,"Orlando Johnson"
"821",1,"Solomon Jones"
"822",1,"Andrei Kirilenko"
"823",1,"Viacheslav Kravtsov"
"824",1,"Doron Lamb"
"825",1,"Rashard Lewis"
"826",1,"Roger Mason"
"827",1,"Eric Maynor"
"828",1,"Gal Mekel"
"829",1,"Quincy Miller"
"830",1,"Tony Mitchell"
"831",1,"Arnett Moultrie"
"832",1,"Byron Mullens"
"833",1,"Erik Murphy"
"834",1,"Toure' Murry"
"835",1,"Hamady N'Diaye"
"836",1,"Steve Nash*"
"837",1,"Nemanja Nedovi?"
"838",1,"Jermaine O'Neal"
"839",1,"Greg Oden"
"840",1,"Daniel Orton"
"841",1,"Travis Outlaw"
"842",1,"Jannero Pargo"
"843",1,"Miroslav Raduljica"
"844",1,"Anthony Randolph"
"845",3,"Glen Rice"
"846",1,"Tornike Shengelia"
"847",1,"Chris Singleton"
"848",1,"Peyton Siva"
"849",1,"Julyan Stone"
"850",1,"Tyshawn Taylor"
"851",1,"Marquis Teague"
"852",1,"Hasheem Thabeet"
"853",1,"Ronny Turiaf"
"854",1,"Jeremy Tyler"
"855",1,"Jarvis Varnado"
"856",1,"Jan Vesel?"
"857",1,"Earl Watson"
"858",1,"Elliot Williams"
"859",1,"Rodrigue Beaubois"
"860",1,"Andris Biedri??"
"861",1,"Keith Bogans"
"862",1,"Kwame Brown"
"863",3,"Marcus Camby"
"864",1,"Josh Childress"
"865",1,"Daequan Cook"
"866",1,"Marquis Daniels"
"867",1,"Carlos Delfino"
"868",1,"DeSagana Diop"
"869",1,"Chris Duhon"
"870",1,"Devin Ebanks"
"871",1,"Kim English"
"872",1,"Micka?l Gelabale"
"873",1,"Daniel Gibson"
"874",1,"Hamed Haddadi"
"875",3,"Richard Hamilton"
"876",1,"Ben Hansbrough"
"877",1,"Terrel Harris"
"878",1,"Grant Hill*"
"879",1,"Josh Howard"
"880",1,"Royal Ivey"
"881",1,"Stephen Jackson"
"882",1,"Jared Jeffries"
"883",1,"Charles Jenkins"
"884",1,"Ivan Johnson"
"885",1,"DeQuan Jones"
"886",1,"Dominique Jones"
"887",1,"Kevin Jones"
"888",1,"Jason Kidd*"
"889",1,"Linas Kleiza"
"890",1,"Malcolm Lee"
"891",1,"Corey Maggette"
"892",1,"Dominic McGuire"
"893",1,"Kevin Murphy"
"894",1,"Troy Murphy"
"895",1,"Lamar Odom"
"896",1,"Jeremy Pargo"
"897",1,"Sasha Pavlovi?"
"898",1,"Johan Petro"
"899",1,"Micka?l Pi¨¦trus"
"900",1,"Joel Przybilla"
"901",1,"Vladimir Radmanovi?"
"902",1,"Samardo Samuels"
"903",1,"Josh Selby"
"904",1,"Nolan Smith"
"905",1,"Jerry Stackhouse"
"906",1,"DeShawn Stevenson"
"907",3,"Kurt Thomas"
"908",1,"Tyrus Thomas"
"909",1,"Jamaal Tinsley"
"910",3,"Rasheed Wallace"
"911",1,"Luke Walton"
"912",1,"Hakim Warrick"
"913",1,"Maalik Wayns"
"914",1,"D.J. White"
"915",1,"James White"
"916",1,"Chris Wilcox"
"917",1,"Damien Wilkins"
"918",1,"Terrence Williams"
"919",1,"Sam Young"
"920",1,"Luke Zeller"
"921",1,"Solomon Alabi"
"922",1,"Gilbert Arenas"
"923",1,"Renaldo Balkman"
"924",3,"Tony Battie"
"925",1,"Raja Bell"
"926",1,"Mike Bibby"
"927",1,"Craig Brackins"
"928",1,"Jon Brockman"
"929",1,"Derrick Brown"
"930",1,"Brian Cardinal"
"931",1,"Matt Carroll"
"932",3,"Anthony Carter"
"933",1,"Brian Cook"
"934",1,"Eddy Curry"
"935",1,"Erick Dampier"
"936",1,"Baron Davis"
"937",1,"Josh Davis"
"938",1,"Keyon Dooling"
"939",1,"Semih Erden"
"940",1,"Maurice Evans"
"941",1,"Rudy Fern¨¢ndez"
"942",1,"Jonny Flynn"
"943",1,"Gary Forbes"
"944",1,"T.J. Ford"
"945",1,"Jeff Foster"
"946",1,"Sundiata Gaines"
"947",1,"Mickell Gladness"
"948",1,"Ryan Gomes"
"949",1,"Andrew Goudelock"
"950",1,"Dont¨¦ Greene"
"951",1,"Luke Harangody"
"952",1,"Justin Harper"
"953",1,"Manny Harris"
"954",1,"Lazar Hayward"
"955",1,"Cory Higgins"
"956",1,"Tyler Honeycutt"
"957",3,"Juwan Howard"
"958",1,"Lester Hudson"
"959",1,"Yi Jianlian"
"960",1,"Carldell Johnson"
"961",1,"JaJuan Johnson"
"962",1,"Trey Johnson"
"963",1,"Jason Kapono"
"964",1,"Travis Leslie"
"965",1,"Vernon Macklin"
"966",1,"Jamaal Magloire"
"967",3,"Tracy McGrady*"
"968",1,"Darko Mili?i?"
"969",1,"Brad Miller"
"970",1,"Eduardo N¨¢jera"
"971",1,"Andr¨¦s Nocioni"
"972",1,"Mehmet Okur"
"973",1,"Anthony Parker"
"974",1,"Dexter Pittman"
"975",1,"Michael Redd"
"976",1,"Quentin Richardson"
"977",2,"Walker Russell"
"978",1,"Brian Scalabrine"
"979",1,"Bobby Simmons"
"980",1,"James Singleton"
"981",1,"Craig Smith"
"982",1,"DaJuan Summers"
"983",1,"Trey Thompkins"
"984",1,"Ben Uzoh"
"985",1,"Von Wafer"
"986",3,"Ben Wallace"
"987",1,"Delonte West"
"988",1,"Jordan Williams"
"989",1,"Shelden Williams"
"990",1,"Chris Wright"
"991",1,"Malik Allen"
"992",1,"David Andersen"
"993",1,"Carlos Arroyo"
"994",1,"Charlie Bell"
"995",1,"Earl Boykins"
"996",1,"Derrick Caracter"
"997",1,"Rodney Carney"
"998",1,"Jarron Collins"
"999",1,"Sherron Collins"
"1000",1,"Ike Diogu"
"1001",1,"Zabian Dowdell"
"1002",1,"Francisco Elson"
"1003",1,"Melvin Ely"
"1004",1,"Christian Eyenga"
"1005",1,"Kyrylo Fesenko"
"1006",1,"Dan Gadzuric"
"1007",1,"Joey Graham"
"1008",1,"Stephen Graham"
"1009",1,"Luther Head"
"1010",1,"Eddie House"
"1011",3,"Zydrunas Ilgauskas"
"1012",1,"Didier Ilunga-Mbenga"
"1013",1,"Darnell Jackson"
"1014",1,"Damion James"
"1015",1,"Othyus Jeffers"
"1016",1,"Eugene Jeter"
"1017",1,"Armon Johnson"
"1018",1,"Nenad Krsti?"
"1019",1,"Acie Law"
"1020",3,"Sean Marks"
"1021",3,"Antonio McDyess"
"1022",1,"Jamario Moon"
"1023",3,"Shaquille O'Neal*"
"1024",3,"James Posey"
"1025",1,"Leon Powe"
"1026",1,"Josh Powell"
"1027",1,"Chris Quinn"
"1028",3,"Theo Ratliff"
"1029",1,"Quinton Ross"
"1030",1,"Brandon Roy"
"1031",1,"Mustafa Shakur"
"1032",1,"Garret Siler"
"1033",3,"Joe Smith"
"1034",1,"Darius Songaila"
"1035",1,"Peja Stojakovi?"
"1036",1,"Jermaine Taylor"
"1037",1,"Etan Thomas"
"1038",1,"Al Thornton"
"1039",1,"Ime Udoka"
"1040",1,"Willie Warren"
"1041",3,"Jason Williams"
"1042",1,"Jawad Williams"
"1043",1,"Julian Wright"
"1044",3,"Rafer Alston"
"1045",3,"Chucky Atkins"
"1046",3,"Marcus Banks"
"1047",1,"Jonathan Bender"
"1048",1,"Josh Boone"
"1049",1,"Primo? Brezec"
"1050",1,"Devin Brown"
"1051",1,"Mardy Collins"
"1052",3,"Ricky Davis"
"1053",3,"Michael Finley"
"1054",1,"Devean George"
"1055",1,"J.R. Giddens"
"1056",1,"Malik Hairston"
"1057",1,"Marcus Haislip"
"1058",1,"Trenton Hassell"
"1059",1,"Jarvis Hayes"
"1060",1,"Larry Hughes"
"1061",1,"Chris Hunter"
"1062",3,"Lindsey Hunter"
"1063",1,"Steven Hunter"
"1064",3,"Allen Iverson*"
"1065",1,"Nathan Jawai"
"1066",1,"Anthony Johnson"
"1067",1,"Marcus Landry"
"1068",1,"Sean May"
"1069",1,"Pops Mensah-Bonsu"
"1070",1,"Mikki Moore"
"1071",1,"Randolph Morris"
"1072",1,"Adam Morrison"
"1073",1,"Ronald Murray"
"1074",3,"Rasho Nesterovi?"
"1075",1,"Patrick O'Bryant"
"1076",1,"Fabricio Oberto"
"1077",3,"Kevin Ollie"
"1078",1,"Oleksiy Pecherov"
"1079",3,"Morris Peterson"
"1080",1,"Chris Richard"
"1081",1,"Sergio Rodr¨ªguez"
"1082",3,"Brian Skinner"
"1083",3,"Kenny Thomas"
"1084",3,"Tim Thomas"
"1085",1,"Alando Tucker"
"1086",1,"Roko Uki?"
"1087",1,"Kyle Weaver"
"1088",1,"Mario West"
"1089",1,"Marcus Williams"
"1090",1,"Sean Williams"
"1091",1,"Antoine Wright"
"1092",1,"Alex Acker"
"1093",1,"Hassan Adams"
"1094",1,"Maurice Ager"
"1095",1,"Joe Alexander"
"1096",1,"Morris Almond"
"1097",1,"Kelenna Azubuike"
"1098",3,"Brent Barry"
"1099",1,"Maceo Baston"
"1100",3,"Mark Blount"
"1101",3,"Bruce Bowen"
"1102",3,"Ryan Bowen"
"1103",3,"Dee Brown"
"1104",3,"Greg Buckner"
"1105",1,"Javaris Crittenton"
"1106",1,"Austin Croshere"
"1107",1,"Antonio Daniels"
"1108",1,"Jermareo Davidson"
"1109",1,"Paul Davis"
"1110",1,"Yakhouba Diawara"
"1111",1,"Travis Diener"
"1112",1,"Juan Dixon"
"1113",1,"Quincy Douby"
"1114",1,"Thomas Gardner"
"1115",1,"Matt Harpring"
"1116",1,"Jason Hart"
"1117",1,"Walter Herrmann"
"1118",1,"Othello Hunter"
"1119",3,"Bobby Jackson"
"1120",1,"Marko Jari?"
"1121",3,"Damon Jones"
"1122",1,"Fred Jones"
"1123",1,"Tarence Kinsey"
"1124",1,"Brevin Knight"
"1125",1,"Rob Kurz"
"1126",1,"Tyronn Lue"
"1127",3,"Mark Madsen"
"1128",3,"Stephon Marbury"
"1129",3,"Donyell Marshall"
"1130",1,"Desmond Mason"
"1131",1,"Rashad McCants"
"1132",3,"Chris Mihm"
"1133",3,"Darius Miles"
"1134",3,"Yao Ming*"
"1135",3,"Cuttino Mobley"
"1136",1,"DeMarcus Nelson"
"1137",1,"Gabe Pruitt"
"1138",1,"Jeremy Richardson"
"1139",1,"Anthony Roberson"
"1140",3,"Malik Rose"
"1141",1,"Michael Ruffin"
"1142",1,"Kareem Rush"
"1143",1,"Cheikh Samb"
"1144",1,"Cedric Simmons"
"1145",1,"Sean Singletary"
"1146",1,"Will Solomon"
"1147",1,"Robert Swift"
"1148",1,"Stromile Swift"
"1149",3,"Wally Szczerbiak"
"1150",1,"Mike Taylor"
"1151",3,"Jacque Vaughn"
"1152",1,"Jake Voskuhl"
"1153",3,"Lorenzen Wright"
"1154",1,"Sun Yue"
"1155",3,"Blake Ahearn"
"1156",3,"Derek Anderson"
"1157",1,"Darrell Armstrong"
"1158",1,"James Augustine"
"1159",1,"Calvin Booth"
"1160",1,"Andre Brown"
"1161",3,"P.J. Brown"
"1162",3,"Sam Cassell"
"1163",3,"Dan Dickau"
"1164",3,"Michael Doleac"
"1165",1,"Nick Fazekas"
"1166",1,"Adonal Foyle"
"1167",3,"Richie Frahm"
"1168",3,"Steve Francis"
"1169",1,"Pat Garrity"
"1170",1,"Eddie Gill"
"1171",1,"Gordan Giri?ek"
"1172",1,"Adrian Griffin"
"1173",3,"Anfernee Hardaway"
"1174",3,"Othella Harrington"
"1175",1,"David Harrison"
"1176",3,"Robert Horry"
"1177",3,"Luke Jackson"
"1178",1,"Casey Jacobsen"
"1179",3,"Alexander Johnson"
"1180",2,"Bobby Jones"
"1181",1,"Dwayne Jones"
"1182",3,"Eddie Jones"
"1183",1,"Coby Karl"
"1184",3,"Raef LaFrentz"
"1185",3,"St¨¦phane Lasme"
"1186",3,"Darrick Martin"
"1187",3,"Jeff McInnis"
"1188",3,"Alonzo Mourning*"
"1189",3,"Dikembe Mutombo*"
"1190",1,"Bo?tjan Nachbar"
"1191",1,"Juan Carlos Navarro"
"1192",3,"Ira Newble"
"1193",1,"Demetris Nichols"
"1194",1,"Andre Owens"
"1195",3,"Smush Parker"
"1196",3,"Ruben Patterson"
"1197",3,"Eric Piatkowski"
"1198",1,"Scot Pollard"
"1199",3,"Kasib Powell"
"1200",1,"Mouhamed Sene"
"1201",3,"Eric Snow"
"1202",1,"Kirk Snyder"
"1203",1,"Awvee Storey"
"1204",3,"Damon Stoudamire"
"1205",1,"Salim Stoudamire"
"1206",1,"D.J. Strawberry"
"1207",1,"Marcus Vinicius"
"1208",3,"Antoine Walker"
"1209",1,"Darius Washington"
"1210",3,"Bonzi Wells"
"1211",3,"Aaron Williams"
"1212",1,"Justin Williams"
"1213",3,"Shareef Abdur-Rahim"
"1214",3,"Rafael Ara¨²jo"
"1215",1,"Esteban Batista"
"1216",3,"Will Blalock"
"1217",1,"Cedric Bozeman"
"1218",3,"Pat Burke"
"1219",1,"Jackie Butler"
"1220",3,"Kelvin Cato"
"1221",1,"Speedy Claxton"
"1222",3,"Dale Davis"
"1223",3,"Ronald Dupree"
"1224",1,"Daniel Ewing"
"1225",1,"Danny Fortson"
"1226",1,"Matt Freije"
"1227",1,"Jorge Garbajosa"
"1228",1,"Andreas Glyniadakis"
"1229",1,"Orien Greene"
"1230",1,"Lynn Greer"
"1231",3,"Eddie Griffin"
"1232",3,"Junior Harrington"
"1233",3,"Alan Henderson"
"1234",3,"Robert Hite"
"1235",3,"Troy Hudson"
"1236",1,"Marc Jackson"
"1237",1,"Jerome James"
"1238",1,"?ar?nas Jasikevi?ius"
"1239",3,"DerMarr Johnson"
"1240",1,"Linton Johnson"
"1241",3,"Jumaine Jones"
"1242",1,"Viktor Khryapa"
"1243",1,"Yaroslav Korolev"
"1244",1,"James Lang"
"1245",1,"Damir Markota"
"1246",1,"Rawle Marshall"
"1247",1,"Ivan McFarlin"
"1248",3,"Aaron McKie"
"1249",1,"Keith McLeod"
"1250",1,"Stanislav Medvedenko"
"1251",1,"David Noel"
"1252",3,"Michael Olowokandi"
"1253",3,"Bo Outlaw"
"1254",3,"Scott Padgett"
"1255",3,"Gary Payton*"
"1256",1,"Allan Ray"
"1257",3,"Justin Reed"
"1258",1,"Jared Reiner"
"1259",3,"Lawrence Roberts"
"1260",1,"Bernard Robinson"
"1261",3,"Clifford Robinson"
"1262",3,"Jalen Rose"
"1263",1,"Jamal Sampson"
"1264",1,"Luke Schenscher"
"1265",1,"Uro? Slokar"
"1266",3,"Vassilis Spanoulis"
"1267",3,"Mike Sweetney"
"1268",1,"Donell Taylor"
"1269",3,"Maurice Taylor"
"1270",3,"Jake Tsakalidis"
"1271",3,"Chris Webber"
"1272",3,"David Wesley"
"1273",3,"Mike Wilks"
"1274",3,"Eric Williams"
"1275",3,"Shammond Williams"
"1276",3,"Corliss Williamson"
"1277",3,"Bracey Wright"
"1278",3,"Shandon Anderson"
"1279",3,"Stacey Augmon"
"1280",3,"Andre Barrett"
"1281",3,"Jon Barry"
"1282",1,"Eddie Basden"
"1283",3,"Lonny Baxter"
"1284",3,"Michael Bradley"
"1285",3,"Rick Brunson"
"1286",3,"Antonio Burks"
"1287",1,"Kevin Burleson"
"1288",1,"?arko ?abarkapa"
"1289",3,"Calbert Cheaney"
"1290",1,"Mateen Cleaves"
"1291",3,"Antonio Davis"
"1292",3,"Tony Delk"
"1293",1,"John Edwards"
"1294",3,"Howard Eisley"
"1295",1,"Noel Felix"
"1296",3,"Gerald Fitch"
"1297",3,"Reece Gaines"
"1298",3,"Brian Grant"
"1299",1,"Devin Green"
"1300",1,"Anthony Grundy"
"1301",3,"Zendon Hamilton"
"1302",1,"Julius Hodge"
"1303",3,"Jermaine Jackson"
"1304",3,"Jim Jackson"
"1305",3,"Ervin Johnson"
"1306",1,"Mario Kasun"
"1307",3,"Toni Kuko?"
"1308",3,"Voshon Lenard"
"1309",1,"Arvydas Macijauskas"
"1310",3,"Walter McCarty"
"1311",1,"Aaron Miles"
"1312",1,"Sergei Monia"
"1313",3,"Terence Morris"
"1314",3,"Lamond Murray"
"1315",1,"Boniface N'Dong"
"1316",3,"Lee Nailon"
"1317",3,"Moochie Norris"
"1318",3,"Greg Ostertag"
"1319",3,"Milt Palacio"
"1320",1,"Zoran Planini?"
"1321",3,"Vitaly Potapenko"
"1322",3,"Laron Profit"
"1323",3,"?eljko Rebra?a"
"1324",3,"Melvin Sanders"
"1325",1,"Ha Seung-Jin"
"1326",3,"Wayne Simien"
"1327",3,"Charles Smith"
"1328",1,"Donta Smith"
"1329",3,"Pape Sow"
"1330",1,"Chris Taft"
"1331",1,"Billy Thomas"
"1332",1,"James Thomas"
"1333",3,"John Thomas"
"1334",3,"Dijon Thompson"
"1335",3,"Nikoloz Tskitishvili"
"1336",3,"Nick Van Exel"
"1337",3,"Keith Van Horn"
"1338",1,"Jackson Vroman"
"1339",3,"Ji?¨ª Welsch"
"1340",1,"Robert Whaley"
"1341",3,"Loren Woods"
"1342",3,"Qyntel Woods"
"1343",3,"Cory Alexander"
"1344",3,"Kenny Anderson"
"1345",3,"Vin Baker"
"1346",3,"Travis Best"
"1347",1,"Curtis Borchardt"
"1348",3,"Shawn Bradley"
"1349",1,"Jamison Brewer"
"1350",1,"Damone Brown"
"1351",3,"Tierre Brown"
"1352",3,"Rodney Buford"
"1353",3,"Elden Campbell"
"1354",1,"Lionel Chalmers"
"1355",3,"Doug Christie"
"1356",3,"Jason Collier"
"1357",3,"Michael Curry"
"1358",1,"Erik Daniels"
"1359",1,"Kaniel Dickens"
"1360",3,"Vlade Divac*"
"1361",1,"Predrag Drobnjak"
"1362",1,"Corsley Edwards"
"1363",3,"Obinna Ekezie"
"1364",3,"Marcus Fizer"
"1365",1,"Luis Flores"
"1366",3,"Kendall Gill"
"1367",3,"Anthony Goldwire"
"1368",3,"Tom Gugliotta"
"1369",3,"Darvin Ham"
"1370",1,"Ben Handlogten"
"1371",3,"Lucious Harris"
"1372",3,"Fred Hoiberg"
"1373",3,"Allan Houston"
"1374",3,"Ryan Humphrey"
"1375",3,"Brandon Hunter"
"1376",3,"Horace Jenkins"
"1377",1,"Mark Jones"
"1378",3,"Kerry Kittles"
"1379",3,"Christian Laettner"
"1380",1,"Maciej Lampe"
"1381",3,"Randy Livingston"
"1382",1,"Ra¨¹l L¨®pez"
"1383",3,"George Lynch"
"1384",3,"Tony Massenburg"
"1385",3,"Jelani McCoy"
"1386",3,"Ron Mercer"
"1387",1,"Reggie Miller*"
"1388",3,"Mamadou N'Diaye"
"1389",3,"Anthony Peeler"
"1390",3,"Wesley Person"
"1391",1,"Aleksandar Radojevi?"
"1392",3,"Rodney Rogers"
"1393",3,"Bryon Russell"
"1394",3,"Daniel Santiago"
"1395",1,"Ansu Sesay"
"1396",1,"Jabari Smith"
"1397",3,"Steve Smith"
"1398",1,"Theron Smith"
"1399",3,"Latrell Sprewell"
"1400",3,"Michael Stewart"
"1401",3,"Erick Strickland"
"1402",3,"Rod Strickland"
"1403",3,"Bruno ?undov"
"1404",3,"Bob Sura"
"1405",3,"Robert Traylor"
"1406",3,"Dajuan Wagner"
"1407",3,"Samaki Walker"
"1408",3,"Charlie Ward"
"1409",3,"Clarence Weatherspoon"
"1410",3,"Jahidi White"
"1411",3,"Rodney White"
"1412",3,"Jerome Williams"
"1413",3,"Scott Williams"
"1414",3,"Kevin Willis"
"1415",3,"Wang Zhizhi"
"1416",3,"Robert Archibald"
"1417",1,"Brandon Armstrong"
"1418",3,"Corie Blount"
"1419",3,"Torraye Braggs"
"1420",3,"J.R. Bremer"
"1421",3,"Kedrick Brown"
"1422",3,"Mitchell Butler"
"1423",3,"Derrick Coleman"
"1424",3,"Bimbo Coles"
"1425",3,"Omar Cook"
"1426",3,"Chris Crawford"
"1427",3,"Hubert Davis"
"1428",3,"Andrew DeClercq"
"1429",3,"Bryce Drew"
"1430",3,"Ndudi Ebi"
"1431",3,"Tremaine Fowlkes"
"1432",3,"Rick Fox"
"1433",3,"Dion Glover"
"1434",3,"Horace Grant"
"1435",1,"Paul Grant"
"1436",3,"Travis Hansen"
"1437",3,"Donnell Harvey"
"1438",3,"Mark Jackson"
"1439",3,"Chris Jefferies"
"1440",1,"Britton Johnsen"
"1441",3,"Avery Johnson"
"1442",1,"Sean Lampley"
"1443",3,"Quincy Lewis"
"1444",3,"Karl Malone*"
"1445",3,"Jamal Mashburn"
"1446",3,"Amal McCaskill"
"1447",3,"Oliver Miller"
"1448",3,"J¨¦r?me Mo?so"
"1449",3,"Doug Overton"
"1450",3,"Robert Pack"
"1451",3,"Cherokee Parks"
"1452",1,"Desmond Penigar"
"1453",3,"Scottie Pippen*"
"1454",3,"Eddie Robinson"
"1455",3,"Sean Rooks"
"1456",1,"Tamar Slay"
"1457",3,"Vladimir Stepania"
"1458",3,"Jeff Trepagnier"
"1459",3,"John Wallace"
"1460",3,"Chris Whitney"
"1461",3,"Alvin Williams"
"1462",3,"Frank Williams"
"1463",3,"Tariq Abdul-Wahad"
"1464",3,"Courtney Alexander"
"1465",3,"John Amaechi"
"1466",3,"Dalibor Bagari?"
"1467",3,"Mengke Bateer"
"1468",3,"Mike Batiste"
"1469",3,"Randy Brown"
"1470",3,"Mark Bryant"
"1471",3,"Jason Caffey"
"1472",3,"Chris Childs"
"1473",3,"Keon Clark"
"1474",3,"John Crotty"
"1475",3,"Emanual Davis"
"1476",3,"LaPhonso Ellis"
"1477",3,"Evan Eschmeyer"
"1478",3,"Danny Ferry"
"1479",3,"Alton Ford"
"1480",1,"Joseph Forte"
"1481",3,"Greg Foster"
"1482",3,"Lawrence Funderburke"
"1483",3,"Adam Harrington"
"1484",3,"Kirk Haston"
"1485",3,"Juaquin Hawkins"
"1486",3,"Tyrone Hill"
"1487",3,"Ken Johnson"
"1488",3,"Popeye Jones"
"1489",1,"Michael Jordan*"
"1490",3,"Shawn Kemp"
"1491",3,"Steve Kerr"
"1492",3,"Travis Knight"
"1493",3,"Dan Langhi"
"1494",3,"Art Long"
"1495",3,"Grant Long"
"1496",3,"Todd MacCulloch"
"1497",3,"Matt Maloney"
"1498",3,"Danny Manning"
"1499",3,"Anthony Mason"
"1500",3,"Chris Mills"
"1501",3,"Tracy Murray"
"1502",3,"Charles Oakley"
"1503",1,"Dean Oliver"
"1504",3,"Olumide Oyedeji"
"1505",3,"Lavor Postell"
"1506",3,"Igor Rako?evi?"
"1507",3,"Efthimi Rentzias"
"1508",3,"Antoine Rigaudeau"
"1509",3,"David Robinson*"
"1510",3,"Arvydas Sabonis*"
"1511",3,"Soumaila Samake"
"1512",3,"Jeryl Sasser"
"1513",3,"Kenny Satterfield"
"1514",3,"Predrag Savovi?"
"1515",3,"Brian Shaw"
"1516",3,"Reggie Slater"
"1517",3,"John Stockton*"
"1518",3,"¨®scar Torres"
"1519",3,"Cezary Tryba?ski"
"1520",3,"Jay Williams"
"1521",3,"Monty Williams"
"1522",3,"Walt Williams"
"1523",3,"Vincent Yarbrough"
"1524",3,"Victor Alexander"
"1525",3,"Nick Anderson"
"1526",3,"Greg Anthony"
"1527",3,"Isaac Austin"
"1528",3,"William Avery"
"1529",3,"Erick Barkley"
"1530",3,"Dana Barros"
"1531",3,"Mookie Blaylock"
"1532",3,"Ruben Boumtje-Boumtje"
"1533",3,"Cal Bowdler"
"1534",3,"Terrell Brandon"
"1535",3,"Chucky Brown"
"1536",3,"Jud Buechler"
"1537",3,"Matt Bullard"
"1538",3,"Joe Crispin"
"1539",3,"Vonteego Cummings"
"1540",3,"Dell Curry"
"1541",3,"Derrick Dial"
"1542",3,"Chris Dudley"
"1543",3,"Patrick Ewing*"
"1544",3,"Antonis Fotsis"
"1545",3,"Dean Garrett"
"1546",3,"Chris Gatling"
"1547",3,"A.J. Guyton"
"1548",3,"Cedric Henderson"
"1549",3,"Harold Jamison"
"1550",3,"Alvin Jones"
"1551",3,"Trajan Langdon"
"1552",3,"Rusty LaRue"
"1553",3,"Felipe L¨®pez"
"1554",3,"Sam Mack"
"1555",3,"Dan Majerle"
"1556",3,"Donny Marshall"
"1557",3,"George McCloud"
"1558",3,"Derrick McKey"
"1559",3,"Sam Mitchell"
"1560",3,"Eric Montross"
"1561",3,"Hanno M?tt?l?"
"1562",3,"Tyrone Nesby"
"1563",3,"Johnny Newman"
"1564",3,"Hakeem Olajuwon*"
"1565",3,"Mark Pope"
"1566",3,"Terry Porter"
"1567",3,"Brent Price"
"1568",3,"Don Reid"
"1569",3,"Mitch Richmond*"
"1570",3,"Isaiah Rider"
"1571",3,"Carlos Rogers"
"1572",3,"Shawnelle Scott"
"1573",3,"Leon Smith"
"1574",3,"Felton Spencer"
"1575",3,"John Starks"
"1576",3,"Bryant Stith"
"1577",3,"Mark Strickland"
"1578",3,"Mahmoud Abdul-Rauf"
"1579",3,"Corey Benjamin"
"1580",3,"David Benoit"
"1581",3,"Chris Carr"
"1582",3,"Duane Causwell"
"1583",3,"Cedric Ceballos"
"1584",3,"Sean Colson"
"1585",3,"Tyrone Corbin"
"1586",3,"Bill Curley"
"1587",3,"Korn¨¦l D¨¢vid"
"1588",3,"Terry Davis"
"1589",3,"Todd Day"
"1590",3,"Vinny Del Negro"
"1591",3,"Michael Dickerson"
"1592",3,"Sherman Douglas"
"1593",3,"Tyus Edney"
"1594",3,"Kevin Edwards"
"1595",3,"Khalid El-Amin"
"1596",3,"Mario Elie"
"1597",3,"Sean Elliott"
"1598",3,"Todd Fuller"
"1599",3,"Rub¨¦n Garc¨¦s"
"1600",3,"Matt Geiger"
"1601",3,"Steve Goodrich"
"1602",3,"A.C. Green"
"1603",3,"Ron Harper"
"1604",3,"Antonio Harvey"
"1605",3,"Hersey Hawkins"
"1606",3,"Michael Hawkins"
"1607",3,"Chris Herren"
"1608",3,"Sam Jacobson"
"1609",3,"Tim James"
"1610",3,"Larry Johnson"
"1611",3,"Adam Keefe"
"1612",3,"Jerome Kersey"
"1613",3,"Gerard King"
"1614",3,"Luc Longley"
"1615",3,"Vernon Maxwell"
"1616",3,"Jim McIlvaine"
"1617",3,"Roshown McLeod"
"1618",3,"Paul McPherson"
"1619",3,"Terry Mills"
"1620",3,"Chris Mullin*"
"1621",3,"Billy Owens"
"1622",3,"Mike Penberthy"
"1623",3,"Will Perdue"
"1624",3,"Sam Perkins"
"1625",3,"Elliot Perry"
"1626",3,"Olden Polynice"
"1627",3,"Chris Porter"
"1628",3,"Eldridge Recasner"
"1629",3,"Bryant Reeves"
"1630",3,"Larry Robinson"
"1631",3,"Pepe S¨¢nchez"
"1632",3,"Detlef Schrempf"
"1633",3,"Michael Smith"
"1634",3,"Mike Smith"
"1635",3,"Derek Strong"
"1636",3,"?an Tabak"
"1637",3,"Dragan Tarla?"
"1638",3,"Otis Thorpe"
"1639",3,"David Vanterpool"
"1640",3,"Loy Vaught"
"1641",3,"Doug West"
"1642",3,"Rub¨¦n Wolkowyski"
"1643",3,"Chris Anstey"
"1644",3,"B.J. Armstrong"
"1645",3,"Anthony Avent"
"1646",3,"Toby Bailey"
"1647",3,"Charles Barkley*"
"1648",3,"Muggsy Bogues"
"1649",3,"Etdrick Bohannon"
"1650",3,"Lazaro Borrell"
"1651",3,"Ira Bowman"
"1652",3,"Scott Burrell"
"1653",3,"Michael Cage"
"1654",3,"Antoine Carr"
"1655",3,"John Celestand"
"1656",3,"Rex Chapman"
"1657",3,"Pete Chilcutt"
"1658",3,"Keith Closs"
"1659",2,"Terry Cummings"
"1660",3,"Mark Davis"
"1661",3,"Dale Ellis"
"1662",3,"Pervis Ellison"
"1663",3,"Tony Farmer"
"1664",3,"Jamie Feick"
"1665",3,"Armen Gilliam"
"1666",3,"Devin Gray"
"1667",3,"Thomas Hamilton"
"1668",3,"Tom Hammonds"
"1669",3,"Mark Hendrickson"
"1670",3,"Jeff Hornacek"
"1671",3,"Rick Hughes"
"1672",2,"Charles Jones"
"1673",3,"Reggie Jordan"
"1674",3,"Lari Ketner"
"1675",3,"Andrew Lang"
"1676",3,"Tim Legler"
"1677",3,"Don MacLean"
"1678",3,"Anthony Miller"
"1679",3,"Eric Murdock"
"1680",3,"Gheorghe Mure?an"
"1681",3,"Chuck Person"
"1682",3,"Bobby Phills"
"1683",3,"J.R. Reid"
"1684",3,"Dennis Rodman*"
"1685",3,"Roy Rogers"
"1686",2,"John Salley"
"1687",3,"Dennis Scott"
"1688",3,"Malik Sealy"
"1689",3,"Dickey Simpkins"
"1690",3,"Rik Smits"
"1691",3,"Ryan Stack"
"1692",3,"Joe Stephens"
"1693",3,"Mirsad T¨¹rkcan"
"1694",3,"Rex Walters"
"1695",3,"Mark West"
"1696",3,"Dedric Willoughby"
"1697",3,"Haywoode Workman"
"1698",3,"Tim Young"
"1699",3,"Keith Askins"
"1700",3,"Thurl Bailey"
"1701",3,"Drew Barry"
"1702",3,"Corey Beck"
"1703",3,"Keith Booth"
"1704",3,"Gerald Brown"
"1705",3,"Cory Carr"
"1706",3,"John Coker"
"1707",3,"James Cotton"
"1708",3,"William Cunningham"
"1709",3,"Terry Dehere"
"1710",3,"Bison Dele"
"1711",3,"Joe Dumars*"
"1712",3,"Blue Edwards"
"1713",3,"Brian Evans"
"1714",3,"Marlon Garnett"
"1715",3,"Andrew Gaze"
"1716",3,"Harvey Grant"
"1717",3,"Ed Gray"
"1718",2,"Derek Harper"
"1719",3,"J.R. Henderson"
"1720",3,"Carl Herrera"
"1721",3,"Jerald Honeycutt"
"1722",3,"Randell Jackson"
"1723",3,"Joe Kleine"
"1724",3,"Antonio Lang"
"1725",2,"Rick Mahorn"
"1726",3,"Loren Meyer"
"1727",3,"Marko Mili?"
"1728",3,"Greg Minor"
"1729",3,"Chris Morris"
"1730",3,"Charles O'Bannon"
"1731",3,"Andrae Patterson"
"1732",3,"Khalid Reeves"
"1733",3,"Shawn Respert"
"1734",3,"Rodrick Rhodes"
"1735",3,"Pooh Richardson"
"1736",3,"Eric Riley"
"1737",3,"James Robinson"
"1738",2,"Danny Schayes"
"1739",3,"Dwayne Schintzius"
"1740",2,"Charles Shackleford"
"1741",3,"Jeff Sheppard"
"1742",3,"Johnny Taylor"
"1743",3,"David Vaughn"
"1744",3,"Eric Washington"
"1745",3,"Bill Wennington"
"1746",3,"DeJuan Wheat"
"1747",3,"Dominique Wilkins*"
"1748",3,"Hot Rod Williams"
"1749",3,"Jayson Williams"
"1750",3,"David Wingate"
"1751",3,"Ray Allen"
"1752",2,"Greg Anderson"
"1753",3,"Vincent Askew"
"1754",2,"Charles Barkley"
"1755",3,"Benoit Benjamin"
"1756",3,"Mario Bennett"
"1757",2,"Anthony Bowie"
"1758",3,"Scott Brooks"
"1759",3,"Willie Burton"
"1760",3,"James Collins"
"1761",3,"Marty Conlon"
"1762",3,"Yinka Dare"
"1763",3,"Vlade Divac"
"1764",3,"Clyde Drexler"
"1765",2,"Joe Dumars"
"1766",3,"Ledell Eackles"
"1767",3,"Harold Ellis"
"1768",2,"Patrick Ewing"
"1769",3,"Duane Ferrell"
"1770",3,"Chris Garner"
"1771",3,"Kiwane Garris"
"1772",3,"Reggie Geary"
"1773",3,"Gary Grant"
"1774",3,"Litterial Green"
"1775",3,"Jack Haley"
"1776",2,"Steve Henson"
"1777",3,"Grant Hill"
"1778",3,"Stephen Howard"
"1779",3,"Bobby Hurley"
"1780",3,"Allen Iverson"
"1781",3,"Henry James"
"1782",2,"Eddie Johnson"
"1783",3,"Kevin Johnson"
"1784",3,"Dontae' Jones"
"1785",3,"Michael Jordan"
"1786",3,"Jason Kidd"
"1787",3,"Priest Lauderdale"
"1788",3,"Jason Lawson"
"1789",3,"Gerald Madkins"
"1790",3,"Karl Malone"
"1791",3,"Lee Mayberry"
"1792",3,"Xavier McDaniel"
"1793",3,"Tracy McGrady"
"1794",3,"Nate McMillan"
"1795",3,"Reggie Miller"
"1796",3,"Alonzo Mourning"
"1797",3,"Chris Mullin"
"1798",3,"Dikembe Mutombo"
"1799",3,"Martin M¨¹¨¹rsepp"
"1800",3,"Steve Nash"
"1801",3,"Ivano Newbill"
"1802",3,"Jeff Nordgaard"
"1803",3,"Shaquille O'Neal"
"1804",2,"Hakeem Olajuwon"
"1805",3,"Gary Payton"
"1806",2,"Ricky Pierce"
"1807",3,"Scottie Pippen"
"1808",3,"Mark Price"
"1809",3,"Mitch Richmond"
"1810",3,"Stanley Roberts"
"1811",3,"Chris Robinson"
"1812",3,"David Robinson"
"1813",2,"Dennis Rodman"
"1814",3,"Donald Royal"
"1815",3,"Arvydas Sabonis"
"1816",3,"Kevin Salvadori"
"1817",3,"Rony Seikaly"
"1818",3,"God Shammgod"
"1819",3,"Kebu Stewart"
"1820",3,"John Stockton"
"1821",3,"Carl Thomas"
"1822",3,"Brooks Thompson"
"1823",3,"Stojko Vrankovi?"
"1824",3,"Bubba Wells"
"1825",2,"Gerald Wilkins"
"1826",2,"Buck Williams"
"1827",2,"Herb Williams"
"1828",3,"Lorenzo Williams"
"1829",3,"Micheal Williams"
"1830",3,"Travis Williams"
"1831",3,"Joe Wolf"
"1832",3,"Rafael Addison"
"1833",3,"Jerome Allen"
"1834",3,"Ashraf Amaya"
"1835",3,"Willie Anderson"
"1836",3,"Melvin Booker"
"1837",3,"Donnie Boyce"
"1838",3,"Mark Bradtke"
"1839",2,"Frank Brickowski"
"1840",3,"Marcus Brown"
"1841",3,"Adrian Caldwell"
"1842",2,"Tom Chambers"
"1843",3,"Randolph Childress"
"1844",3,"Lloyd Daniels"
"1845",3,"Sasha Danilovi?"
"1846",3,"Ben Davis"
"1847",3,"Greg Dreiling"
"1848",3,"Nate Driggers"
"1849",3,"Kevin Duckworth"
"1850",3,"Tony Dumas"
"1851",3,"Acie Earl"
"1852",3,"Craig Ehlo"
"1853",3,"Kevin Gamble"
"1854",3,"Greg Graham"
"1855",2,"Jeff Grayer"
"1856",3,"Steve Hamer"
"1857",3,"Darrin Hancock"
"1858",3,"Shane Heal"
"1859",2,"Tim Kempton"
"1860",3,"Eric Leckner"
"1861",2,"Alton Lister"
"1862",3,"Horacio Llamas Grey"
"1863",2,"John Long"
"1864",3,"Rich Manning"
"1865",3,"?ar?nas Mar?iulionis"
"1866",3,"Eric Mobley"
"1867",2,"Tracy Moore"
"1868",3,"Lawrence Moten"
"1869",3,"Ken Norman"
"1870",3,"Ed O'Bannon"
"1871",3,"Ray Owes"
"1872",2,"Robert Parish"
"1873",3,"Ed Pinckney"
"1874",3,"Dino Ra?a"
"1875",2,"Fred Roberts"
"1876",3,"Rumeal Robinson"
"1877",3,"Lou Roe"
"1878",3,"Clifford Rozier"
"1879",3,"Brent Scott"
"1880",2,"Byron Scott"
"1881",3,"Lionel Simmons"
"1882",3,"Kenny Smith"
"1883",3,"Tony Smith"
"1884",3,"Larry Stewart"
"1885",3,"Brett Szabo"
"1886",3,"LaSalle Thompson"
"1887",2,"Sedale Threatt"
"1888",3,"Wayman Tisdale"
"1889",3,"Jamie Watson"
"1890",3,"Donald Whiteside"
"1891",3,"Dominique Wilkins"
"1892",3,"Dontonio Wingfield"
"1893",3,"David Wood"
"1894",3,"Sharone Wright"
"1895",3,"George Z¨ªdek"
"1896",2,"Michael Adams"
"1897",3,"Derrick Alston"
"1898",3,"Marques Bragg"
"1899",3,"Tim Breaux"
"1900",3,"Junior Burrough"
"1901",3,"Anthony Cook"
"1902",3,"Joe Courtney"
"1903",3,"Rastko Cvetkovi?"
"1904",3,"Dell Demps"
"1905",3,"Richard Dumas"
"1906",3,"Doug Edwards"
"1907",2,"James Edwards"
"1908",3,"LeRon Ellis"
"1909",3,"Vincenzo Esposito"
"1910",3,"Matt Fish"
"1911",3,"Vern Fleming"
"1912",3,"Sherell Ford"
"1913",3,"Kenny Gattison"
"1914",3,"Gerald Glass"
"1915",3,"Ron Grandison"
"1916",3,"Greg Grant"
"1917",3,"Sean Higgins"
"1918",3,"Donald Hodge"
"1919",3,"Byron Houston"
"1920",3,"Darryl Johnson"
"1921",2,"Magic Johnson"
"1922",3,"Randolph Keys"
"1923",3,"Chris King"
"1924",3,"Jimmy King"
"1925",3,"Stacey King"
"1926",3,"Jon Koncak"
"1927",3,"Martin Lewis"
"1928",2,"Brad Lohaus"
"1929",3,"Mark Macon"
"1930",2,"Jeff Malone"
"1931",2,"Bob McCann"
"1932",3,"Clint McDaniel"
"1933",3,"Harold Miner"
"1934",3,"Todd Mundt"
"1935",3,"Pete Myers"
"1936",3,"Tim Perry"
"1937",3,"Terrence Rencher"
"1938",2,"Jerry Reynolds"
"1939",3,"Doc Rivers"
"1940",2,"Alvin Robertson"
"1941",3,"Trevor Ruffin"
"1942",3,"Steve Scheffler"
"1943",2,"Scott Skiles"
"1944",3,"Doug Smith"
"1945",3,"Elmore Spencer"
"1946",3,"Greg Sutton"
"1947",3,"Andy Toolson"
"1948",3,"Keith Tower"
"1949",2,"Jeff Turner"
"1950",3,"Logan Vander Velden"
"1951",3,"Spud Webb"
"1952",3,"Jeff Webster"
"1953",3,"Robert Werdann"
"1954",3,"Alaa Abdelnaby"
"1955",2,"Danny Ainge"
"1956",3,"John Battle"
"1957",3,"Sergei Bazarevich"
"1958",3,"Walter Bond"
"1959",3,"Anthony Bonner"
"1960",3,"Sam Bowie"
"1961",3,"Mike Brown"
"1962",2,"Tony Campbell"
"1963",2,"Bill Cartwright"
"1964",2,"Steve Colter"
"1965",2,"Johnny Dawkins"
"1966",2,"James Donaldson"
"1967",3,"Pat Durham"
"1968",2,"Sleepy Floyd"
"1969",2,"Corey Gaines"
"1970",2,"Winston Garland"
"1971",3,"Andr¨¦s Guibert"
"1972",3,"Jerome Harmon"
"1973",2,"Jay Humphries"
"1974",3,"Keith Jennings"
"1975",3,"Askia Jones"
"1976",3,"Negele Knight"
"1977",2,"Larry Krystkowiak"
"1978",3,"Doug Lee"
"1979",3,"Jim Les"
"1980",3,"Cliff Levingston"
"1981",3,"Ryan Lorthridge"
"1982",2,"Moses Malone"
"1983",3,"Dwayne Morton"
"1984",3,"Julius Nwosu"
"1985",3,"Kevin Pritchard"
"1986",2,"Kurt Rambis"
"1987",2,"Tree Rollins"
"1988",3,"Chris Smith"
"1989",2,"Roy Tarpley"
"1990",3,"Tom Tolbert"
"1991",3,"Anthony Tucker"
"1992",3,"Henry Turner"
"1993",3,"B.J. Tyler"
"1994",2,"Kenny Walker"
"1995",2,"Ennis Whatley"
"1996",2,"Morlon Wiley"
"1997",2,"John Williams"
"1998",3,"Trevor Wilson"
"1999",3,"Randy Woods"
"2000",2,"Mark Aguirre"
"2001",3,"Eric Anderson"
"2002",2,"Ron Anderson"
"2003",3,"Tony Bennett"
"2004",2,"Rolando Blackman"
"2005",2,"Randy Breuer"
"2006",3,"Kevin Brooks"
"2007",3,"Evers Burns"
"2008",2,"Lester Conner"
"2009",3,"Duane Cooper"
"2010",3,"Chris Corchiani"
"2011",3,"Brad Daugherty"
"2012",3,"Brian Davis"
"2013",3,"Jo Jo English"
"2014",2,"Tellis Frank"
"2015",2,"Mike Gminski"
"2016",3,"Paul Graham"
"2017",3,"Josh Grant"
"2018",3,"Sean Green"
"2019",3,"Jay Guidinger"
"2020",3,"Scott Haskin"
"2021",2,"Rod Higgins"
"2022",3,"Stanley Jackson"
"2023",3,"Dave Johnson"
"2024",2,"Frank Johnson"
"2025",3,"Alec Kessler"
"2026",3,"Warren Kidd"
"2027",3,"Rich King"
"2028",2,"Greg Kite"
"2029",2,"Bill Laimbeer"
"2030",2,"Fat Lever"
"2031",3,"Marcus Liberty"
"2032",3,"Malcolm Mackey"
"2033",3,"Bob Martin"
"2034",3,"Marlon Maxey"
"2035",3,"Darnell Mee"
"2036",3,"Darren Morningstar"
"2037",3,"Jerrod Mustaf"
"2038",3,"Dan O'Sullivan"
"2039",3,"Jimmy Oliver"
"2040",3,"John Paxson"
"2041",3,"Mike Peplowski"
"2042",3,"Richard Petru?ka"
"2043",3,"Mark Randall"
"2044",3,"LaBradford Smith"
"2045",3,"Reggie Smith"
"2046",3,"Andre Spencer"
"2047",2,"Isiah Thomas"
"2048",3,"Kevin Thompson"
"2049",2,"Sedric Toney"
"2050",3,"Matt Wenstrom"
"2051",2,"Randy White"
"2052",3,"Kenny Williams"
"2053",2,"Orlando Woolridge"
"2054",2,"James Worthy"
"2055",3,"Luther Wright"
"2056",2,"Mark Acres"
"2057",2,"John Bagley"
"2058",2,"Steve Bardo"
"2059",2,"William Bedford"
"2060",3,"Alex Blackwell"
"2061",2,"Lance Blanks"
"2062",2,"Manute Bol"
"2063",2,"Dexter Cambridge"
"2064",2,"Terry Catledge"
"2065",2,"Maurice Cheeks"
"2066",2,"Radisav ?ur?i?"
"2067",3,"Mark Eaton"
"2068",3,"Tate George"
"2069",2,"Sidney Green"
"2070",2,"Scott Hastings"
"2071",2,"Brian Howard"
"2072",2,"Mike Iuzzolino"
"2073",2,"Buck Johnson"
"2074",2,"Bernard King"
"2075",2,"Jerome Lane"
"2076",2,"Reggie Lewis"
"2077",2,"Todd Lichti"
"2078",3,"Kevin Lynch"
"2079",3,"Travis Mays"
"2080",2,"Rodney McCray"
"2081",2,"Kevin McHale"
"2082",2,"Isaiah Morris"
"2083",2,"Ed Nealy"
"2084",2,"Melvin Newbern"
"2085",3,"Gerald Paddio"
"2086",3,"Walter Palmer"
"2087",2,"Kenny Payne"
"2088",3,"Dra?en Petrovi?"
"2089",2,"Gary Plummer"
"2090",2,"Paul Pressey"
"2091",2,"Blair Rasmussen"
"2092",3,"Delaney Rudd"
"2093",2,"Jeff Ruland"
"2094",2,"Mike Sanders"
"2095",2,"Brad Sellers"
"2096",2,"Larry Smith"
"2097",3,"Alex Stivrins"
"2098",2,"Trent Tucker"
"2099",2,"Kiki Vandeweghe"
"2100",3,"Gundars V?tra"
"2101",2,"Darrell Walker"
"2102",2,"Eddie Lee Wilkins"
"2103",3,"Corey Williams"
"2104",3,"Kennard Winchester"
"2105",2,"Danny Young"
"2106",3,"Winston Bennett"
"2107",2,"Larry Bird"
"2108",2,"Tony Brown"
"2109",2,"Steve Burtt"
"2110",2,"Wayne Cooper"
"2111",3,"Tom Copa"
"2112",2,"Lanard Copeland"
"2113",3,"Corey Crowder"
"2114",2,"Quintin Dailey"
"2115",2,"Brad Davis"
"2116",2,"Walter Davis"
"2117",3,"A.J. English"
"2118",2,"Dave Feitl"
"2119",3,"Anthony Frederick"
"2120",3,"Tom Garrick"
"2121",2,"Rickey Green"
"2122",3,"Bob Hansen"
"2123",2,"Craig Hodges"
"2124",2,"Dave Hoppen"
"2125",2,"Dennis Hopson"
"2126",2,"Dave Jamerson"
"2127",3,"Les Jepsen"
"2128",2,"Vinnie Johnson"
"2129",3,"Bo Kimble"
"2130",3,"Bart Kofoed"
"2131",2,"Tharon Mayes"
"2132",2,"Tim McCormick"
"2133",3,"Rodney Monroe"
"2134",3,"John Morton"
"2135",3,"Tod Murphy"
"2136",3,"Alan Ogg"
"2137",2,"Brian Oliver"
"2138",3,"Keith Owens"
"2139",2,"Jim Petersen"
"2140",2,"Brian Quinnett"
"2141",2,"David Rivers"
"2142",2,"Ralph Sampson"
"2143",3,"Jeff Sanders"
"2144",2,"Otis Smith"
"2145",2,"Rory Sparrow"
"2146",2,"Terry Teagle"
"2147",2,"Charles Thomas"
"2148",3,"Stephen Thompson"
"2149",2,"Andre Turner"
"2150",2,"John Turner"
"2151",2,"Sam Vincent"
"2152",3,"Alexander Volkov"
"2153",2,"Mitchell Wiggins"
"2154",3,"Randy Wittman"
"2155",2,"Mark Alarie"
"2156",2,"Steve Alford"
"2157",2,"Michael Ansley"
"2158",3,"Milo? Babi?"
"2159",2,"Ken Bannister"
"2160",3,"Kenny Battle"
"2161",3,"Rick Calloway"
"2162",2,"Joe Barry Carroll"
"2163",3,"Derrick Chievous"
"2164",3,"Richard Coffey"
"2165",2,"Dave Corzine"
"2166",2,"Adrian Dantley"
"2167",2,"Byron Dinkins"
"2168",2,"T.R. Dunn"
"2169",2,"Alex English"
"2170",3,"Jim Farmer"
"2171",3,"Derrick Gervin"
"2172",3,"Dan Godfread"
"2173",2,"Jim Grandholm"
"2174",2,"Dave Greenwood"
"2175",3,"Darrell Griffith"
"2176",3,"Byron Irvin"
"2177",2,"Steve Johnson"
"2178",2,"Frank Kornet"
"2179",3,"Kurk Lee"
"2180",3,"Jeff Martin"
"2181",3,"Scott Meents"
"2182",2,"Paul Mokeski"
"2183",2,"Sidney Moncrief"
"2184",3,"Chris Munk"
"2185",2,"Craig Neal"
"2186",3,"Dave Popson"
"2187",2,"John Shasky"
"2188",2,"Jack Sikma"
"2189",2,"Mike Smrek"
"2190",2,"Jon Sundvold"
"2191",2,"Reggie Theus"
"2192",2,"Irving Thomas"
"2193",2,"Billy Thompson"
"2194",2,"Mychal Thompson"
"2195",2,"Bob Thornton"
"2196",2,"Kelly Tripucka"
"2197",2,"Kelvin Upshaw"
"2198",2,"Darnell Valentine"
"2199",2,"Milt Wagner"
"2200",2,"Leon Wood"
"2201",2,"Mike Woodson"
"2202",2,"Randy Allen"
"2203",2,"Richard Anderson"
"2204",2,"Uwe Blab"
"2205",2,"Adrian Branch"
"2206",3,"Raymond Brown"
"2207",2,"Stanley Brundy"
"2208",2,"Steve Bucknall"
"2209",2,"Greg Butler"
"2210",2,"Ben Coleman"
"2211",2,"Michael Cooper"
"2212",2,"Pat Cummings"
"2213",2,"Charles Davis"
"2214",2,"Stuart Gray"
"2215",2,"Scott Haffner"
"2216",2,"Bill Hanzlik"
"2217",2,"Steve Harris"
"2218",2,"Roy Hinson"
"2219",2,"Mike Holton"
"2220",2,"Tito Horford"
"2221",2,"Ed Horton"
"2222",2,"Eddie Hughes"
"2223",2,"Michael Jackson"
"2224",2,"Dennis Johnson"
"2225",3,"Eric Johnson"
"2226",2,"Marques Johnson"
"2227",3,"Nate Johnston"
"2228",2,"Anthony Jones"
"2229",2,"Caldwell Jones"
"2230",2,"Stan Kimbrough"
"2231",2,"Gary Leonard"
"2232",2,"Lewis Lloyd"
"2233",2,"Sidney Lowe"
"2234",2,"John Lucas"
"2235",3,"Roy Marble"
"2236",2,"Mel McCants"
"2237",2,"Mike McGee"
"2238",2,"Mark McNamara"
"2239",2,"Johnny Moore"
"2240",3,"Mike Morrison"
"2241",2,"Calvin Natt"
"2242",2,"Kurt Nimphius"
"2243",3,"Dyron Nix"
"2244",3,"Jos¨¦ Ortiz"
"2245",3,"?arko Paspalj"
"2246",2,"Jim Paxson"
"2247",2,"Harold Pressley"
"2248",2,"Robert Reid"
"2249",2,"Doug Roth"
"2250",3,"Scott Roth"
"2251",2,"Jim Rowinski"
"2252",2,"Brian Rowsom"
"2253",2,"Purvis Short"
"2254",2,"Jerry Sichting"
"2255",2,"Derek Smith"
"2256",2,"Greg Stokes"
"2257",2,"Jay Taylor"
"2258",2,"Leonard Taylor"
"2259",2,"Melvin Turpin"
"2260",2,"Jay Vincent"
"2261",2,"Chris Welp"
"2262",2,"Mike Williams"
"2263",3,"Michael Young"
"2264",2,"Kareem Abdul-Jabbar"
"2265",2,"Michael Anderson"
"2266",2,"Ricky Berry"
"2267",2,"Walter Berry"
"2268",2,"Otis Birdsong"
"2269",2,"Dudley Bradley"
"2270",2,"Dallas Comegys"
"2271",2,"Darwin Cook"
"2272",2,"Earl Cureton"
"2273",2,"Darryl Dawkins"
"2274",2,"Fennis Dembo"
"2275",2,"Wayne Englestad"
"2276",2,"Rolando Ferreira"
"2277",2,"Ben Gillery"
"2278",3,"Grant Gondrezick"
"2279",2,"Sylvester Gray"
"2280",2,"Phil Hubbard"
"2281",2,"Marc Iavaroni"
"2282",2,"Bill Jones"
"2283",2,"Shelton Jones"
"2284",2,"Albert King"
"2285",2,"Jeff Lamp"
"2286",2,"Allen Leavell"
"2287",2,"Keith Lee"
"2288",2,"Ralph Lewis"
"2289",3,"Rob Lock"
"2290",2,"Ben McDonald"
"2291",2,"Todd Mitchell"
"2292",2,"Chuck Nevitt"
"2293",2,"Norm Nixon"
"2294",3,"Jos? Ortiz"
"2295",2,"Dominic Pressley"
"2296",2,"Ram?n Rivas"
"2297",2,"Cliff Robinson"
"2298",2,"Russ Schoene"
"2299",3,"Everette Stephens"
"2300",2,"Brook Steppe"
"2301",2,"Anthony Taylor"
"2302",2,"Bernard Thompson"
"2303",2,"Ray Tolbert"
"2304",2,"Elston Turner"
"2305",2,"Terry Tyler"
"2306",2,"Pearl Washington"
"2307",2,"Clinton Wheeler"
"2308",3,"Eric White"
"2309",2,"Jerome Whitehead"
"2310",2,"Kevin Williams"
"2311",2,"Alvan Adams"
"2312",2,"James Bailey"
"2313",2,"Nate Blackwell"
"2314",2,"Michael Brooks"
"2315",2,"Rick Carlisle"
"2316",2,"Norris Coleman"
"2317",2,"Jeff Cook"
"2318",2,"Winston Crite"
"2319",2,"Darren Daye"
"2320",2,"Billy Donovan"
"2321",2,"Franklin Edwards"
"2322",2,"Chris Engler"
"2323",2,"Mike Evans"
"2324",2,"World B. Free"
"2325",2,"Artis Gilmore"
"2326",2,"Claude Gregory"
"2327",2,"P?tur Gu?mundsson"
"2328",2,"Dave Henderson"
"2329",2,"Kevin Henderson"
"2330",2,"Conner Henry"
"2331",2,"Clemon Johnson"
"2332",2,"Maurice Lucas"
"2333",2,"Pace Mannion"
"2334",2,"Bill Martin"
"2335",2,"Maurice Martin"
"2336",2,"Wes Matthews"
"2337",2,"Cedric Maxwell"
"2338",2,"Kevin McKenna"
"2339",2,"Chris McNealy"
"2340",2,"Dirk Minniefield"
"2341",2,"Mike Mitchell"
"2342",2,"Ronnie Murphy"
"2343",2,"Martin Nessley"
"2344",2,"Jawann Oldham"
"2345",2,"Louis Orr"
"2346",3,"Johnny Rogers"
"2347",3,"Carey Scurry"
"2348",2,"Steve Stipanovich"
"2349",2,"John Stroeder"
"2350",2,"Andrew Toney"
"2351",2,"Danny Vranes"
"2352",2,"Mark Wade"
"2353",2,"Granville Waiters"
"2354",2,"Chris Washburn"
"2355",2,"Duane Washington"
"2356",2,"Tony White"
"2357",2,"Nikita Wilson"
"2358",2,"Ricky Wilson"
"2359",2,"Greg Ballard"
"2360",2,"Gene Banks"
"2361",2,"Kent Benson"
"2362",2,"Joe Binion"
"2363",2,"Junior Bridgeman"
"2364",2,"Kenny Carr"
"2365",2,"Julius Erving"
"2366",2,"Kenny Fields"
"2367",2,"Lancaster Gordon"
"2368",2,"Stewart Granger"
"2369",2,"Kenny Green"
"2370",2,"Geoff Huston"
"2371",2,"Steffond Johnson"
"2372",2,"Kyle Macy"
"2373",2,"Fernando Mart?n"
"2374",2,"Scooter McCray"
"2375",2,"Perry Moss"
"2376",2,"Jay Murphy"
"2377",2,"Dennis Nutt"
"2378",2,"Mike O'Koren"
"2379",2,"Mark Olberding"
"2380",2,"Michael Phelps"
"2381",2,"Ben Poquette"
"2382",2,"Clint Richardson"
"2383",2,"Dan Roundfield"
"2384",2,"Clinton Smith"
"2385",2,"Keith Smith"
"2386",2,"Terence Stansbury"
"2387",2,"Jeff Taylor"
"2388",2,"David Thirdkill"
"2389",2,"Nick Vanos"
"2390",2,"Bill Walton"
"2391",2,"Marvin Webster"
"2392",2,"Rory White"
"2393",2,"Gus Williams"
"2394",2,"Ray Williams"
"2395",2,"Othell Wilson"
"2396",2,"Al Wood"
"2397",2,"Brad Wright"
"2398",2,"Mike Bratz"
"2399",2,"Ron Brewer"
"2400",2,"Mike Brittain"
"2401",2,"Quinn Buckner"
"2402",2,"Bobby Cattage"
"2403",3,"Lorenzo Charles"
"2404",2,"Fred Cofield"
"2405",2,"Jeff Cross"
"2406",2,"Johnny Davis"
"2407",2,"Rod Foster"
"2408",2,"Bill Garnett"
"2409",2,"George Gervin"
"2410",2,"Mike Gibson"
"2411",2,"Mike Glenn"
"2412",2,"Georgi Glouchkov"
"2413",2,"Ernie Grunfeld"
"2414",2,"Steve Hayes"
"2415",2,"Carl Henry"
"2416",2,"Alfredrick Hughes"
"2417",2,"George Johnson"
"2418",2,"Mickey Johnson"
"2419",2,"Earl Jones"
"2420",2,"Edgar Jones"
"2421",2,"Harold Keeling"
"2422",2,"Rich Kelley"
"2423",2,"Clark Kellogg"
"2424",2,"Mitch Kupchak"
"2425",2,"Ronnie Lester"
"2426",2,"Bob McAdoo"
"2427",2,"Dwayne McClain"
"2428",2,"Hank McDowell"
"2429",2,"Tom McMillen"
"2430",2,"Charles Pittman"
"2431",2,"David Pope"
"2432",2,"Kelvin Ransey"
"2433",2,"Micheal Ray Richardson"
"2434",2,"Rick Robey"
"2435",2,"Lonnie Shelton"
"2436",2,"Ricky Sobers"
"2437",2,"Larry Spriggs"
"2438",2,"Peter Thibeaux"
"2439",2,"Paul Thompson"
"2440",2,"Pete Verhoeven"
"2441",2,"Bryan Warrick"
"2442",2,"Scott Wedman"
"2443",2,"Willie White"
"2444",2,"Jamaal Wilkes"
"2445",2,"Jeff Wilkins"
"2446",2,"Pete Williams"
"2447",2,"Chuck Aleksinas"
"2448",2,"J.J. Anderson"
"2449",2,"Cory Blackwell"
"2450",2,"Rickey Brown"
"2451",2,"Wallace Bryant"
"2452",2,"Don Buse"
"2453",2,"M.L. Carr"
"2454",2,"Butch Carter"
"2455",2,"Howard Carter"
"2456",2,"Harvey Catchings"
"2457",2,"Ron Cavenall"
"2458",2,"Carlos Clark"
"2459",2,"Don Collins"
"2460",2,"John Drew"
"2461",2,"Devin Durrant"
"2462",2,"Kenton Edelin"
"2463",2,"Phil Ford"
"2464",2,"Kevin Grevey"
"2465",2,"Lionel Hollins"
"2466",2,"Dan Issel"
"2467",2,"Major Jones"
"2468",2,"Ozell Jones"
"2469",2,"Greg Kelser"
"2470",2,"Reggie King"
"2471",2,"Billy Knight"
"2472",2,"Joe Kopicki"
"2473",2,"Joe Meriweather"
"2474",2,"Larry Micheaux"
"2475",2,"Audie Norris"
"2476",2,"Billy Paultz"
"2477",2,"Wayne Sappleton"
"2478",2,"Tom Scheffler"
"2479",2,"John Schweitz"
"2480",2,"Alvin Scott"
"2481",2,"Tom Sewell"
"2482",2,"Charlie Sitton"
"2483",2,"Tom Sluby"
"2484",2,"Jim Thomas"
"2485",2,"Dale Wilkinson"
"2486",2,"Guy Williams"
"2487",2,"Sam Williams"
"2488",2,"Sly Williams"
"2489",2,"Michael Wilson"
"2490",2,"Tiny Archibald"
"2491",2,"Tom Boswell"
"2492",2,"Fred Brown"
"2493",2,"Leroy Combs"
"2494",2,"Russell Cross"
"2495",2,"Kenny Dennard"
"2496",2,"Jerry Eaves"
"2497",2,"Keith Edmonson"
"2498",2,"Len Elmore"
"2499",2,"Eric Fernsten"
"2500",2,"Calvin Garrett"
"2501",2,"John Garris"
"2502",2,"Steve Hawes"
"2503",2,"Elvin Hayes"
"2504",2,"Johnny High"
"2505",2,"Armond Hill"
"2506",2,"Clay Johnson"
"2507",2,"Reggie Johnson"
"2508",2,"Eddie Jordan"
"2509",2,"Mark Landsberger"
"2510",2,"Bob Lanier"
"2511",2,"Kevin Loder"
"2512",2,"Billy McKinney"
"2513",2,"Swen Nater"
"2514",2,"Roger Phegley"
"2515",2,"Tom Piotrowski"
"2516",2,"Leo Rautins"
"2517",2,"Anthony Roberts"
"2518",2,"Truck Robinson"
"2519",2,"Dave Robisch"
"2520",2,"Lorenzo Romar"
"2521",2,"Dane Suttle"
"2522",2,"David Thompson"
"2523",2,"Darren Tillis"
"2524",2,"Foots Walker"
"2525",2,"Wally Walker"
"2526",2,"Paul Westphal"
"2527",2,"Rob Williams"
"2528",2,"Bill Willoughby"
"2529",2,"Billy Ray Bates"
"2530",2,"Dave Batton"
"2531",2,"Charles Bradley"
"2532",2,"Brad Branson"
"2533",2,"Allan Bristow"
"2534",2,"Jim Brogan"
"2535",2,"Joe Bryant"
"2536",2,"Marty Byrnes"
"2537",2,"Joe Cooper"
"2538",2,"Dave Cowens"
"2539",2,"Charlie Criss"
"2540",2,"Geoff Crompton"
"2541",2,"John Duren"
"2542",2,"Bruce Flowers"
"2543",2,"Glen Gondrezick"
"2544",2,"Paul Griffin"
"2545",2,"Bob Gross"
"2546",2,"Spencer Haywood"
"2547",2,"Tom Henderson"
"2548",2,"Tracy Jackson"
"2549",2,"Jim Johnstone"
"2550",2,"Dwight Jones"
"2551",2,"Jeff Judkins"
"2552",2,"Larry Kenon"
"2553",2,"Joel Kramer"
"2554",2,"Sam Lacey"
"2555",2,"Scott Lloyd"
"2556",2,"Rudy Macklin"
"2557",2,"Dave Magley"
"2558",2,"Steve Mix"
"2559",2,"Lowes Moore"
"2560",2,"Calvin Murphy"
"2561",2,"Kenny Natt"
"2562",2,"Tom Owens"
"2563",2,"Eddie Phillips"
"2564",2,"Kevin Porter"
"2565",2,"Mark Radford"
"2566",2,"Ed Rains"
"2567",2,"James Ray"
"2568",2,"Oliver Robinson"
"2569",2,"Ed Sherod"
"2570",2,"Jose Slaughter"
"2571",2,"Phil Smith"
"2572",2,"Randy Smith"
"2573",2,"Jim Spanarkel"
"2574",2,"Vince Taylor"
"2575",2,"Carlos Terry"
"2576",2,"Corny Thompson"
"2577",2,"Linton Townes"
"2578",2,"Jan van Breda Kolff"
"2579",2,"Bob Wilkerson"
"2580",2,"Freeman Williams"
"2581",2,"Rickey Williams"
"2582",2,"Brian Winters"
"2583",2,"Dennis Awtrey"
"2584",2,"Mike Bantom"
"2585",2,"Ray Blume"
"2586",2,"Alex Bradley"
"2587",2,"Jim Brewer"
"2588",2,"Reggie Carter"
"2589",2,"Jim Chones"
"2590",2,"Hollis Copeland"
"2591",2,"Bob Dandridge"
"2592",2,"Larry Demic"
"2593",2,"Coby Dietrick"
"2594",2,"Mickey Dillard"
"2595",2,"John Douglas"
"2596",2,"Leon Douglas"
"2597",2,"Terry Duerod"
"2598",2,"Craig Dykema"
"2599",2,"Chris Ford"
"2600",2,"Don Ford"
"2601",2,"Mike Gale"
"2602",2,"Alan Hardy"
"2603",2,"James Hardy"
"2604",2,"Mike Harper"
"2605",2,"Joe Hassett"
"2606",2,"Keith Herron"
"2607",2,"Kenny Higgs"
"2608",2,"Brad Holland"
"2609",2,"Cedrick Hordges"
"2610",2,"John Johnson"
"2611",2,"Ollie Johnson"
"2612",2,"Clarence Kea"
"2613",2,"Toby Knight"
"2614",2,"Kevin Kunnert"
"2615",2,"Tom LaGarde"
"2616",2,"John Lambert"
"2617",2,"Ron Lee"
"2618",2,"Ollie Mack"
"2619",2,"Scott May"
"2620",2,"Jim McElroy"
"2621",2,"George McGinnis"
"2622",2,"Mike Newlin"
"2623",2,"Carl Nicks"
"2624",2,"Sonny Parker"
"2625",2,"Sam Pellom"
"2626",2,"Kevin Restani"
"2627",2,"Bill Robinzine"
"2628",2,"John Roche"
"2629",2,"Campy Russell"
"2630",2,"James Silas"
"2631",2,"Jim Smith"
"2632",2,"Robert Smith"
"2633",2,"Brian Taylor"
"2634",2,"Raymond Townsend"
"2635",2,"Kermit Washington"
"2636",2,"Richard Washington"
"2637",2,"Hawkeye Whitney"
"2638",2,"Michael Wiley"
"2639",2,"James Wilkes"
"2640",2,"Garry Witts"
"2641",2,"Howard Wood"
"2642",2,"Rich Yonakor"
"2643",2,"Tom Abernethy"
"2644",2,"Darrell Allums"
"2645",2,"Mel Bennett"
"2646",2,"Henry Bibby"
"2647",2,"Ron Boone"
"2648",2,"Winford Boynes"
"2649",2,"Tom Burleson"
"2650",2,"Mack Calvin"
"2651",2,"Austin Carr"
"2652",2,"Art Collins"
"2653",2,"Doug Collins"
"2654",2,"Ron Davis"
"2655",2,"Jacky Dorsey"
"2656",2,"Bob Elliott"
"2657",2,"Tony Fuller"
"2658",2,"Gus Gerard"
"2659",2,"Gar Heard"
"2660",2,"Kim Hughes"
"2661",2,"Abdul Jeelani"
"2662",2,"Lee Johnson"
"2663",2,"Walter Jordan"
"2664",2,"Chad Kinch"
"2665",2,"Wayne Kreklow"
"2666",2,"Andre McCarter"
"2667",2,"Mike Niles"
"2668",2,"Stan Pietkiewicz"
"2669",2,"Wally Rank"
"2670",2,"Clifford Ray"
"2671",2,"Billy Reid"
"2672",2,"Wayne Robinson"
"2673",2,"Frankie Sanders"
"2674",2,"DeWayne Scales"
"2675",2,"Craig Shelton"
"2676",2,"John Shumate"
"2677",2,"Rudy Tomjanovich"
"2678",2,"Wes Unseld"
"2679",2,"Ronnie Valentine"
"2680",2,"Brett Vroman"
"2681",2,"Lloyd Walton"
"2682",2,"Jo Jo White"
"2683",2,"Rudy White"
"2684",2,"Sidney Wicks"
"2685",2,"Sam Worthen"
"2686",2,"Larry Wright"
"2687",2,"Gus Bailey"
"2688",2,"Marvin Barnes"
"2689",2,"Rick Barry"
"2690",2,"Del Beshore"
"2691",2,"Lawrence Boston"
"2692",2,"Alonzo Bradley"
"2693",2,"John Brown"
"2694",2,"Bob Carrington"
"2695",2,"Ron Carter"
"2696",2,"Don Chaney"
"2697",2,"Phil Chenier"
"2698",2,"Jim Cleamons"
"2699",2,"John Coughran"
"2700",2,"Paul Dawkins"
"2701",2,"Bo Ellis"
"2702",2,"Earl Evans"
"2703",2,"Terry Furlow"
"2704",2,"Gary Garland"
"2705",2,"John Gianelli"
"2706",2,"Jack Givens"
"2707",2,"Mike Green"
"2708",2,"Roy Hamilton"
"2709",2,"Darnell Hillman"
"2710",2,"Phil Jackson"
"2711",2,"Irv Kiffin"
"2712",2,"John Kuester"
"2713",2,"Butch Lee"
"2714",2,"Steve Malovic"
"2715",2,"Pete Maravich"
"2716",2,"John Mengelt"
"2717",2,"Dave Meyers"
"2718",2,"Eric Money"
"2719",2,"Earl Monroe"
"2720",2,"Sylvester Norris"
"2721",2,"Wiley Peck"
"2722",2,"Marlon Redmond"
"2723",2,"Charlie Scott"
"2724",2,"Paul Silas"
"2725",2,"Bingo Smith"
"2726",2,"Sam Smith"
"2727",2,"Willie Smith"
"2728",2,"Larry Steele"
"2729",2,"Earl Tatum"
"2730",2,"Bernard Toone"
"2731",2,"Dave Twardzik"
"2732",2,"Nick Weatherspoon"
"2733",2,"Duck Williams"
"2734",2,"John Williamson"
"2735",2,"Bubba Wilson"
"2736",2,"Lucius Allen"
"2737",2,"Kim Anderson"
"2738",2,"Tate Armstrong"
"2739",2,"Tom Barker"
"2740",2,"Tim Bassett"
"2741",2,"Bob Bigelow"
"2742",2,"Greg Bunch"
"2743",2,"Corky Calhoun"
"2744",2,"Wesley Cox"
"2745",2,"Louie Dampier"
"2746",2,"Harry Davis"
"2747",2,"Charles Dudley"
"2748",2,"Ray Epps"
"2749",2,"Bayard Forrest"
"2750",2,"Walt Frazier"
"2751",2,"Gail Goodrich"
"2752",2,"Steve Green"
"2753",2,"Tommie Green"
"2754",2,"Lars Hansen"
"2755",2,"Phil Hicks"
"2756",2,"Wilbur Holland"
"2757",2,"Essie Hollis"
"2758",2,"Otis Howard"
"2759",2,"Lou Hudson"
"2760",2,"Aaron James"
"2761",2,"Charles Johnson"
"2762",2,"Ted McClain"
"2763",2,"Jim McMillian"
"2764",2,"Larry McNeill"
"2765",2,"Glenn Mosley"
"2766",2,"Bob Nash"
"2767",2,"Connie Norman"
"2768",2,"John Olive"
"2769",2,"Jim Price"
"2770",2,"Wayne Radford"
"2771",2,"Tony Robertson"
"2772",2,"Jackie Robinson"
"2773",2,"Curtis Rowe"
"2774",2,"John Rudd"
"2775",2,"Steve Sheppard"
"2776",2,"Ralph Simpson"
"2777",2,"Al Skinner"
"2778",2,"Elmore Smith"
"2779",2,"Dick Snyder"
"2780",2,"Kevin Stacom"
"2781",2,"Ira Terrell"
"2782",2,"Norm Van Lier"
"2783",2,"Andre Wakefield"
"2784",2,"Wilson Washington"
"2785",2,"Slick Watts"
"2786",2,"Earl Williams"
"2787",2,"Nate Williams"
"2788",2,"Rick Wilson"
"2789",2,"Zaid Abdul-Aziz"
"2790",2,"Jim Ard"
"2791",2,"Bird Averitt"
"2792",2,"Butch Beard"
"2793",2,"Ron Behagen"
"2794",2,"Dave Bing"
"2795",2,"Tom Boerwinkle"
"2796",2,"Freddie Boyd"
"2797",2,"Gary Brokaw"
"2798",2,"Ken Charles"
"2799",2,"E.C. Coleman"
"2800",2,"Mark Crow"
"2801",2,"Derrek Dickey"
"2802",2,"Ernie DiGregorio"
"2803",2,"Jim Eakins"
"2804",2,"Al Eberhard"
"2805",2,"Al Fleming"
"2806",2,"Mike Flynn"
"2807",2,"Greg Griffin"
"2808",2,"John Havlicek"
"2809",2,"Bubbles Hawkins"
"2810",2,"Robin Jones"
"2811",2,"Wil Jones"
"2812",2,"C.J. Kupec"
"2813",2,"Rich Laurel"
"2814",2,"Mo Layton"
"2815",2,"Ricky Marsh"
"2816",2,"Jim McDaniels"
"2817",2,"Larry Moffett"
"2818",2,"Lloyd Neal"
"2819",2,"Louie Nelson"
"2820",2,"Johnny Neumann"
"2821",2,"Willie Norwood"
"2822",2,"Joe Pace"
"2823",2,"Curtis Perry"
"2824",2,"Cliff Pondexter"
"2825",2,"Howard Porter"
"2826",2,"Ed Ratleff"
"2827",2,"Cazzie Russell"
"2828",2,"Fred Saunders"
"2829",2,"Dale Schlueter"
"2830",2,"Bruce Seals"
"2831",2,"Scott Sims"
"2832",2,"Claude Terry"
"2833",2,"Phil Walker"
"2834",2,"Chuck Williams"
"2835",2,"Bobby Wilson"
"2836",2,"Dave Wohl"
"2837",2,"Don Adams"
"2838",2,"Jerome Anderson"
"2839",2,"Jim Barnett"
"2840",2,"Mike Barr"
"2841",2,"Byron Beck"
"2842",2,"Bill Bradley"
"2843",2,"Roger Brown"
"2844",2,"Ticky Burden"
"2845",2,"Fred Carter"
"2846",2,"Norm Cook"
"2847",2,"Mel Daniels"
"2848",2,"Dwight Davis"
"2849",2,"Mel Davis"
"2850",2,"Mickey Davis"
"2851",2,"Randy Denton"
"2852",2,"Keith Erickson"
"2853",2,"Butch Feher"
"2854",2,"Fred Foster"
"2855",2,"Jim Fox"
"2856",2,"Rowland Garrett"
"2857",2,"Herm Gilliam"
"2858",2,"Leonard Gray"
"2859",2,"Glenn Hansen"
"2860",2,"Mo Howard"
"2861",2,"Rich Jones"
"2862",2,"George Karl"
"2863",2,"Goo Kennedy"
"2864",2,"Tom Kropp"
"2865",2,"Steve Kuberski"
"2866",2,"Bo Lamar"
"2867",2,"John Laskowski"
"2868",2,"Freddie Lewis"
"2869",2,"Bob Love"
"2870",2,"Jack Marin"
"2871",2,"Dean Meminger"
"2872",2,"Otto Moore"
"2873",2,"Frank Oleynick"
"2874",2,"Mike Riordan"
"2875",2,"Marv Roberts"
"2876",2,"Marshall Rogers"
"2877",2,"Phil Sellers"
"2878",2,"Mike Sojourner"
"2879",2,"Bud Stallworth"
"2880",2,"Keith Starr"
"2881",2,"Fatty Taylor"
"2882",2,"Chuck Terry"
"2883",2,"Nate Thurmond"
"2884",2,"Dean Tolson"
"2885",2,"Monte Towe"
"2886",2,"Dick Van Arsdale"
"2887",2,"Tom Van Arsdale"
"2888",2,"Neal Walk"
"2889",2,"Andy Walker"
"2890",2,"Henry Ward"
"2891",2,"Cornell Warner"
"2892",2,"Bob Weiss"
"2893",2,"Chuckie Williams"
"2894",2,"Willie Wise"
